chave_clube,tipo_temporada,ano_temporada,divisoes,times_partidas,quantidade_partidas,quantidade_divisoes,Division,competicao_id_corrigida,status_temporada,club_id,temporada
time:ajaccio,EUROPA,2011,F1,Ajaccio,38,1,F1,FR1,mapeado,1147,2011/12
time:ajaccio,EUROPA,2012,F1,Ajaccio,38,1,F1,FR1,mapeado,1147,2012/13
time:ajaccio,EUROPA,2013,F1,Ajaccio,38,1,F1,FR1,mapeado,1147,2013/14
time:ajaccio,EUROPA,2022,F1,Ajaccio,38,1,F1,FR1,mapeado,1147,2022/23
time:ajaccio_gfco,EUROPA,2015,F1,Ajaccio GFCO,38,1,F1,FR1,mapeado,3558,2015/16
time:alaves,EUROPA,2016,SP1,Alaves,38,1,SP1,ES1,mapeado,1108,2016/17
time:alaves,EUROPA,2017,SP1,Alaves,38,1,SP1,ES1,mapeado,1108,2017/18
time:alaves,EUROPA,2018,SP1,Alaves,38,1,SP1,ES1,mapeado,1108,2018/19
time:alaves,EUROPA,2023,SP1,Alaves,38,1,SP1,ES1,mapeado,1108,2023/24
time:alaves,EUROPA,2024,SP1,Alaves,38,1,SP1,ES1,mapeado,1108,2024/25
time:alaves,EUROPA,2025,SP1,Alaves,38,1,SP1,ES1,mapeado,1108,2025/26
time:almeria,EUROPA,2010,SP1,Almeria,38,1,SP1,ES1,mapeado,3302,2010/11
time:almeria,EUROPA,2013,SP1,Almeria,38,1,SP1,ES1,mapeado,3302,2013/14
time:almeria,EUROPA,2014,SP1,Almeria,38,1,SP1,ES1,mapeado,3302,2014/15
time:almeria,EUROPA,2022,SP1,Almeria,38,1,SP1,ES1,mapeado,3302,2022/23
time:almeria,EUROPA,2023,SP1,Almeria,38,1,SP1,ES1,mapeado,3302,2023/24
time:america_mg,BRA,2016,BRA,America MG,38,1,BRA,BRA1,mapeado,,2016
time:america_mg,BRA,2018,BRA,America MG,38,1,BRA,BRA1,mapeado,,2018
time:america_mg,BRA,2022,BRA,America MG,38,1,BRA,BRA1,mapeado,,2022
time:america_mg,BRA,2023,BRA,America MG,38,1,BRA,BRA1,mapeado,,2023
time:amiens,EUROPA,2017,F1,Amiens,38,1,F1,FR1,mapeado,1416,2017/18
time:amiens,EUROPA,2018,F1,Amiens,38,1,F1,FR1,mapeado,1416,2018/19
time:angers,EUROPA,2015,F1,Angers,38,1,F1,FR1,mapeado,1420,2015/16
time:angers,EUROPA,2016,F1,Angers,38,1,F1,FR1,mapeado,1420,2016/17
time:angers,EUROPA,2017,F1,Angers,38,1,F1,FR1,mapeado,1420,2017/18
time:angers,EUROPA,2018,F1,Angers,38,1,F1,FR1,mapeado,1420,2018/19
time:angers,EUROPA,2022,F1,Angers,38,1,F1,FR1,mapeado,1420,2022/23
time:angers,EUROPA,2024,F1,Angers,34,1,F1,FR1,mapeado,1420,2024/25
time:angers,EUROPA,2025,F1,Angers,34,1,F1,FR1,mapeado,1420,2025/26
time:arles,EUROPA,2010,F1,Arles,38,1,F1,FR1,mapeado,,2010/11
time:arsenal,EUROPA,2010,E0,Arsenal,38,1,E0,GB1,mapeado,11,2010/11
time:arsenal,EUROPA,2011,E0,Arsenal,38,1,E0,GB1,mapeado,11,2011/12
time:arsenal,EUROPA,2012,E0,Arsenal,38,1,E0,GB1,mapeado,11,2012/13
time:arsenal,EUROPA,2013,E0,Arsenal,38,1,E0,GB1,mapeado,11,2013/14
time:arsenal,EUROPA,2014,E0,Arsenal,38,1,E0,GB1,mapeado,11,2014/15
time:arsenal,EUROPA,2015,E0,Arsenal,38,1,E0,GB1,mapeado,11,2015/16
time:arsenal,EUROPA,2016,E0,Arsenal,38,1,E0,GB1,mapeado,11,2016/17
time:arsenal,EUROPA,2017,E0,Arsenal,38,1,E0,GB1,mapeado,11,2017/18
time:arsenal,EUROPA,2018,E0,Arsenal,38,1,E0,GB1,mapeado,11,2018/19
time:arsenal,EUROPA,2022,E0,Arsenal,38,1,E0,GB1,mapeado,11,2022/23
time:arsenal,EUROPA,2023,E0,Arsenal,38,1,E0,GB1,mapeado,11,2023/24
time:arsenal,EUROPA,2024,E0,Arsenal,38,1,E0,GB1,mapeado,11,2024/25
time:arsenal,EUROPA,2025,E0,Arsenal,38,1,E0,GB1,mapeado,11,2025/26
time:aston_villa,EUROPA,2010,E0,Aston Villa,38,1,E0,GB1,mapeado,405,2010/11
time:aston_villa,EUROPA,2011,E0,Aston Villa,38,1,E0,GB1,mapeado,405,2011/12
time:aston_villa,EUROPA,2012,E0,Aston Villa,38,1,E0,GB1,mapeado,405,2012/13
time:aston_villa,EUROPA,2013,E0,Aston Villa,38,1,E0,GB1,mapeado,405,2013/14
time:aston_villa,EUROPA,2014,E0,Aston Villa,38,1,E0,GB1,mapeado,405,2014/15
time:aston_villa,EUROPA,2015,E0,Aston Villa,38,1,E0,GB1,mapeado,405,2015/16
time:aston_villa,EUROPA,2022,E0,Aston Villa,38,1,E0,GB1,mapeado,405,2022/23
time:aston_villa,EUROPA,2023,E0,Aston Villa,38,1,E0,GB1,mapeado,405,2023/24
time:aston_villa,EUROPA,2024,E0,Aston Villa,38,1,E0,GB1,mapeado,405,2024/25
time:aston_villa,EUROPA,2025,E0,Aston Villa,38,1,E0,GB1,mapeado,405,2025/26
time:atalanta,EUROPA,2011,I1,Atalanta,38,1,I1,IT1,mapeado,800,2011/12
time:atalanta,EUROPA,2012,I1,Atalanta,38,1,I1,IT1,mapeado,800,2012/13
time:atalanta,EUROPA,2013,I1,Atalanta,38,1,I1,IT1,mapeado,800,2013/14
time:atalanta,EUROPA,2014,I1,Atalanta,38,1,I1,IT1,mapeado,800,2014/15
time:atalanta,EUROPA,2015,I1,Atalanta,38,1,I1,IT1,mapeado,800,2015/16
time:atalanta,EUROPA,2016,I1,Atalanta,38,1,I1,IT1,mapeado,800,2016/17
time:atalanta,EUROPA,2017,I1,Atalanta,38,1,I1,IT1,mapeado,800,2017/18
time:atalanta,EUROPA,2018,I1,Atalanta,38,1,I1,IT1,mapeado,800,2018/19
time:atalanta,EUROPA,2022,I1,Atalanta,38,1,I1,IT1,mapeado,800,2022/23
time:atalanta,EUROPA,2023,I1,Atalanta,38,1,I1,IT1,mapeado,800,2023/24
time:atalanta,EUROPA,2024,I1,Atalanta,38,1,I1,IT1,mapeado,800,2024/25
time:atalanta,EUROPA,2025,I1,Atalanta,38,1,I1,IT1,mapeado,800,2025/26
time:ath_bilbao,EUROPA,2010,SP1,Ath Bilbao,38,1,SP1,ES1,mapeado,621,2010/11
time:ath_bilbao,EUROPA,2011,SP1,Ath Bilbao,38,1,SP1,ES1,mapeado,621,2011/12
time:ath_bilbao,EUROPA,2012,SP1,Ath Bilbao,38,1,SP1,ES1,mapeado,621,2012/13
time:ath_bilbao,EUROPA,2013,SP1,Ath Bilbao,38,1,SP1,ES1,mapeado,621,2013/14
time:ath_bilbao,EUROPA,2014,SP1,Ath Bilbao,38,1,SP1,ES1,mapeado,621,2014/15
time:ath_bilbao,EUROPA,2015,SP1,Ath Bilbao,38,1,SP1,ES1,mapeado,621,2015/16
time:ath_bilbao,EUROPA,2016,SP1,Ath Bilbao,38,1,SP1,ES1,mapeado,621,2016/17
time:ath_bilbao,EUROPA,2017,SP1,Ath Bilbao,38,1,SP1,ES1,mapeado,621,2017/18
time:ath_bilbao,EUROPA,2018,SP1,Ath Bilbao,38,1,SP1,ES1,mapeado,621,2018/19
time:ath_bilbao,EUROPA,2022,SP1,Ath Bilbao,38,1,SP1,ES1,mapeado,621,2022/23
time:ath_bilbao,EUROPA,2023,SP1,Ath Bilbao,38,1,SP1,ES1,mapeado,621,2023/24
time:ath_bilbao,EUROPA,2024,SP1,Ath Bilbao,38,1,SP1,ES1,mapeado,621,2024/25
time:ath_bilbao,EUROPA,2025,SP1,Ath Bilbao,38,1,SP1,ES1,mapeado,621,2025/26
time:ath_madrid,EUROPA,2010,SP1,Ath Madrid,38,1,SP1,ES1,mapeado,13,2010/11
time:ath_madrid,EUROPA,2011,SP1,Ath Madrid,38,1,SP1,ES1,mapeado,13,2011/12
time:ath_madrid,EUROPA,2012,SP1,Ath Madrid,38,1,SP1,ES1,mapeado,13,2012/13
time:ath_madrid,EUROPA,2013,SP1,Ath Madrid,38,1,SP1,ES1,mapeado,13,2013/14
time:ath_madrid,EUROPA,2014,SP1,Ath Madrid,38,1,SP1,ES1,mapeado,13,2014/15
time:ath_madrid,EUROPA,2015,SP1,Ath Madrid,38,1,SP1,ES1,mapeado,13,2015/16
time:ath_madrid,EUROPA,2016,SP1,Ath Madrid,38,1,SP1,ES1,mapeado,13,2016/17
time:ath_madrid,EUROPA,2017,SP1,Ath Madrid,38,1,SP1,ES1,mapeado,13,2017/18
time:ath_madrid,EUROPA,2018,SP1,Ath Madrid,38,1,SP1,ES1,mapeado,13,2018/19
time:ath_madrid,EUROPA,2022,SP1,Ath Madrid,38,1,SP1,ES1,mapeado,13,2022/23
time:ath_madrid,EUROPA,2023,SP1,Ath Madrid,38,1,SP1,ES1,mapeado,13,2023/24
time:ath_madrid,EUROPA,2024,SP1,Ath Madrid,38,1,SP1,ES1,mapeado,13,2024/25
time:ath_madrid,EUROPA,2025,SP1,Ath Madrid,38,1,SP1,ES1,mapeado,13,2025/26
time:athletico_pr,BRA,2013,BRA,Athletico-PR,38,1,BRA,BRA1,mapeado,679,2013
time:athletico_pr,BRA,2014,BRA,Athletico-PR,38,1,BRA,BRA1,mapeado,679,2014
time:athletico_pr,BRA,2015,BRA,Athletico-PR,38,1,BRA,BRA1,mapeado,679,2015
time:athletico_pr,BRA,2016,BRA,Athletico-PR,38,1,BRA,BRA1,mapeado,679,2016
time:athletico_pr,BRA,2017,BRA,Athletico-PR,38,1,BRA,BRA1,mapeado,679,2017
time:athletico_pr,BRA,2018,BRA,Athletico-PR,38,1,BRA,BRA1,mapeado,679,2018
time:athletico_pr,BRA,2019,BRA,Athletico-PR,38,1,BRA,BRA1,mapeado,679,2019
time:athletico_pr,BRA,2022,BRA,Athletico-PR,38,1,BRA,BRA1,mapeado,679,2022
time:athletico_pr,BRA,2023,BRA,Athletico-PR,38,1,BRA,BRA1,mapeado,679,2023
time:atletico_go,BRA,2012,BRA,Atletico GO,38,1,BRA,BRA1,mapeado,,2012
time:atletico_go,BRA,2017,BRA,Atletico GO,38,1,BRA,BRA1,mapeado,,2017
time:atletico_go,BRA,2022,BRA,Atletico GO,38,1,BRA,BRA1,mapeado,,2022
time:atletico_mg,BRA,2012,BRA,Atletico-MG,38,1,BRA,BRA1,mapeado,330,2012
time:atletico_mg,BRA,2013,BRA,Atletico-MG,38,1,BRA,BRA1,mapeado,330,2013
time:atletico_mg,BRA,2014,BRA,Atletico-MG,38,1,BRA,BRA1,mapeado,330,2014
time:atletico_mg,BRA,2015,BRA,Atletico-MG,38,1,BRA,BRA1,mapeado,330,2015
time:atletico_mg,BRA,2016,BRA,Atletico-MG,38,1,BRA,BRA1,mapeado,330,2016
time:atletico_mg,BRA,2017,BRA,Atletico-MG,38,1,BRA,BRA1,mapeado,330,2017
time:atletico_mg,BRA,2018,BRA,Atletico-MG,38,1,BRA,BRA1,mapeado,330,2018
time:atletico_mg,BRA,2019,BRA,Atletico-MG,38,1,BRA,BRA1,mapeado,330,2019
time:atletico_mg,BRA,2022,BRA,Atletico-MG,38,1,BRA,BRA1,mapeado,330,2022
time:atletico_mg,BRA,2023,BRA,Atletico-MG,38,1,BRA,BRA1,mapeado,330,2023
time:augsburg,EUROPA,2011,D1,Augsburg,34,1,D1,L1,mapeado,167,2011/12
time:augsburg,EUROPA,2012,D1,Augsburg,34,1,D1,L1,mapeado,167,2012/13
time:augsburg,EUROPA,2013,D1,Augsburg,34,1,D1,L1,mapeado,167,2013/14
time:augsburg,EUROPA,2014,D1,Augsburg,34,1,D1,L1,mapeado,167,2014/15
time:augsburg,EUROPA,2015,D1,Augsburg,34,1,D1,L1,mapeado,167,2015/16
time:augsburg,EUROPA,2016,D1,Augsburg,34,1,D1,L1,mapeado,167,2016/17
time:augsburg,EUROPA,2017,D1,Augsburg,34,1,D1,L1,mapeado,167,2017/18
time:augsburg,EUROPA,2018,D1,Augsburg,34,1,D1,L1,mapeado,167,2018/19
time:augsburg,EUROPA,2022,D1,Augsburg,34,1,D1,L1,mapeado,167,2022/23
time:augsburg,EUROPA,2023,D1,Augsburg,34,1,D1,L1,mapeado,167,2023/24
time:augsburg,EUROPA,2024,D1,Augsburg,34,1,D1,L1,mapeado,167,2024/25
time:augsburg,EUROPA,2025,D1,Augsburg,34,1,D1,L1,mapeado,167,2025/26
time:auxerre,EUROPA,2010,F1,Auxerre,38,1,F1,FR1,mapeado,290,2010/11
time:auxerre,EUROPA,2011,F1,Auxerre,38,1,F1,FR1,mapeado,290,2011/12
time:auxerre,EUROPA,2022,F1,Auxerre,38,1,F1,FR1,mapeado,290,2022/23
time:auxerre,EUROPA,2024,F1,Auxerre,34,1,F1,FR1,mapeado,290,2024/25
time:auxerre,EUROPA,2025,F1,Auxerre,34,1,F1,FR1,mapeado,290,2025/26
time:avai,BRA,2015,BRA,Avai,38,1,BRA,BRA1,mapeado,,2015
time:avai,BRA,2017,BRA,Avai,38,1,BRA,BRA1,mapeado,,2017
time:avai,BRA,2019,BRA,Avai,38,1,BRA,BRA1,mapeado,,2019
time:avai,BRA,2022,BRA,Avai,38,1,BRA,BRA1,mapeado,,2022
time:bahia,BRA,2012,BRA,Bahia,38,1,BRA,BRA1,mapeado,10010,2012
time:bahia,BRA,2013,BRA,Bahia,38,1,BRA,BRA1,mapeado,10010,2013
time:bahia,BRA,2014,BRA,Bahia,38,1,BRA,BRA1,mapeado,10010,2014
time:bahia,BRA,2017,BRA,Bahia,38,1,BRA,BRA1,mapeado,10010,2017
time:bahia,BRA,2018,BRA,Bahia,38,1,BRA,BRA1,mapeado,10010,2018
time:bahia,BRA,2019,BRA,Bahia,38,1,BRA,BRA1,mapeado,10010,2019
time:bahia,BRA,2023,BRA,Bahia,38,1,BRA,BRA1,mapeado,10010,2023
time:barcelona,EUROPA,2010,SP1,Barcelona,38,1,SP1,ES1,mapeado,131,2010/11
time:barcelona,EUROPA,2011,SP1,Barcelona,38,1,SP1,ES1,mapeado,131,2011/12
time:barcelona,EUROPA,2012,SP1,Barcelona,38,1,SP1,ES1,mapeado,131,2012/13
time:barcelona,EUROPA,2013,SP1,Barcelona,38,1,SP1,ES1,mapeado,131,2013/14
time:barcelona,EUROPA,2014,SP1,Barcelona,38,1,SP1,ES1,mapeado,131,2014/15
time:barcelona,EUROPA,2015,SP1,Barcelona,38,1,SP1,ES1,mapeado,131,2015/16
time:barcelona,EUROPA,2016,SP1,Barcelona,38,1,SP1,ES1,mapeado,131,2016/17
time:barcelona,EUROPA,2017,SP1,Barcelona,38,1,SP1,ES1,mapeado,131,2017/18
time:barcelona,EUROPA,2018,SP1,Barcelona,38,1,SP1,ES1,mapeado,131,2018/19
time:barcelona,EUROPA,2022,SP1,Barcelona,38,1,SP1,ES1,mapeado,131,2022/23
time:barcelona,EUROPA,2023,SP1,Barcelona,38,1,SP1,ES1,mapeado,131,2023/24
time:barcelona,EUROPA,2024,SP1,Barcelona,38,1,SP1,ES1,mapeado,131,2024/25
time:barcelona,EUROPA,2025,SP1,Barcelona,38,1,SP1,ES1,mapeado,131,2025/26
time:bari,EUROPA,2010,I1,Bari,38,1,I1,IT1,mapeado,,2010/11
time:bastia,EUROPA,2012,F1,Bastia,38,1,F1,FR1,mapeado,595,2012/13
time:bastia,EUROPA,2013,F1,Bastia,38,1,F1,FR1,mapeado,595,2013/14
time:bastia,EUROPA,2014,F1,Bastia,38,1,F1,FR1,mapeado,595,2014/15
time:bastia,EUROPA,2015,F1,Bastia,38,1,F1,FR1,mapeado,595,2015/16
time:bastia,EUROPA,2016,F1,Bastia,38,1,F1,FR1,mapeado,595,2016/17
time:bayern_munich,EUROPA,2010,D1,Bayern Munich,34,1,D1,L1,mapeado,27,2010/11
time:bayern_munich,EUROPA,2011,D1,Bayern Munich,34,1,D1,L1,mapeado,27,2011/12
time:bayern_munich,EUROPA,2012,D1,Bayern Munich,34,1,D1,L1,mapeado,27,2012/13
time:bayern_munich,EUROPA,2013,D1,Bayern Munich,34,1,D1,L1,mapeado,27,2013/14
time:bayern_munich,EUROPA,2014,D1,Bayern Munich,34,1,D1,L1,mapeado,27,2014/15
time:bayern_munich,EUROPA,2015,D1,Bayern Munich,34,1,D1,L1,mapeado,27,2015/16
time:bayern_munich,EUROPA,2016,D1,Bayern Munich,34,1,D1,L1,mapeado,27,2016/17
time:bayern_munich,EUROPA,2017,D1,Bayern Munich,34,1,D1,L1,mapeado,27,2017/18
time:bayern_munich,EUROPA,2018,D1,Bayern Munich,34,1,D1,L1,mapeado,27,2018/19
time:bayern_munich,EUROPA,2022,D1,Bayern Munich,34,1,D1,L1,mapeado,27,2022/23
time:bayern_munich,EUROPA,2023,D1,Bayern Munich,34,1,D1,L1,mapeado,27,2023/24
time:bayern_munich,EUROPA,2024,D1,Bayern Munich,34,1,D1,L1,mapeado,27,2024/25
time:bayern_munich,EUROPA,2025,D1,Bayern Munich,34,1,D1,L1,mapeado,27,2025/26
time:benevento,EUROPA,2017,I1,Benevento,38,1,I1,IT1,mapeado,4171,2017/18
time:betis,EUROPA,2011,SP1,Betis,38,1,SP1,ES1,mapeado,150,2011/12
time:betis,EUROPA,2012,SP1,Betis,38,1,SP1,ES1,mapeado,150,2012/13
time:betis,EUROPA,2013,SP1,Betis,38,1,SP1,ES1,mapeado,150,2013/14
time:betis,EUROPA,2015,SP1,Betis,38,1,SP1,ES1,mapeado,150,2015/16
time:betis,EUROPA,2016,SP1,Betis,38,1,SP1,ES1,mapeado,150,2016/17
time:betis,EUROPA,2017,SP1,Betis,38,1,SP1,ES1,mapeado,150,2017/18
time:betis,EUROPA,2018,SP1,Betis,38,1,SP1,ES1,mapeado,150,2018/19
time:betis,EUROPA,2022,SP1,Betis,38,1,SP1,ES1,mapeado,150,2022/23
time:betis,EUROPA,2023,SP1,Betis,38,1,SP1,ES1,mapeado,150,2023/24
time:betis,EUROPA,2024,SP1,Betis,38,1,SP1,ES1,mapeado,150,2024/25
time:betis,EUROPA,2025,SP1,Betis,38,1,SP1,ES1,mapeado,150,2025/26
time:birmingham,EUROPA,2010,E0,Birmingham,38,1,E0,GB1,mapeado,,2010/11
time:blackburn,EUROPA,2010,E0,Blackburn,38,1,E0,GB1,mapeado,,2010/11
time:blackburn,EUROPA,2011,E0,Blackburn,38,1,E0,GB1,mapeado,,2011/12
time:blackpool,EUROPA,2010,E0,Blackpool,38,1,E0,GB1,mapeado,,2010/11
time:bochum,EUROPA,2022,D1,Bochum,34,1,D1,L1,mapeado,80,2022/23
time:bochum,EUROPA,2023,D1,Bochum,34,1,D1,L1,mapeado,80,2023/24
time:bochum,EUROPA,2024,D1,Bochum,34,1,D1,L1,mapeado,80,2024/25
time:bologna,EUROPA,2010,I1,Bologna,38,1,I1,IT1,mapeado,1025,2010/11
time:bologna,EUROPA,2011,I1,Bologna,38,1,I1,IT1,mapeado,1025,2011/12
time:bologna,EUROPA,2012,I1,Bologna,38,1,I1,IT1,mapeado,1025,2012/13
time:bologna,EUROPA,2013,I1,Bologna,38,1,I1,IT1,mapeado,1025,2013/14
time:bologna,EUROPA,2015,I1,Bologna,38,1,I1,IT1,mapeado,1025,2015/16
time:bologna,EUROPA,2016,I1,Bologna,38,1,I1,IT1,mapeado,1025,2016/17
time:bologna,EUROPA,2017,I1,Bologna,38,1,I1,IT1,mapeado,1025,2017/18
time:bologna,EUROPA,2018,I1,Bologna,38,1,I1,IT1,mapeado,1025,2018/19
time:bologna,EUROPA,2022,I1,Bologna,38,1,I1,IT1,mapeado,1025,2022/23
time:bologna,EUROPA,2023,I1,Bologna,38,1,I1,IT1,mapeado,1025,2023/24
time:bologna,EUROPA,2024,I1,Bologna,38,1,I1,IT1,mapeado,1025,2024/25
time:bologna,EUROPA,2025,I1,Bologna,38,1,I1,IT1,mapeado,1025,2025/26
time:bolton,EUROPA,2010,E0,Bolton,38,1,E0,GB1,mapeado,,2010/11
time:bolton,EUROPA,2011,E0,Bolton,38,1,E0,GB1,mapeado,,2011/12
time:bordeaux,EUROPA,2010,F1,Bordeaux,38,1,F1,FR1,mapeado,40,2010/11
time:bordeaux,EUROPA,2011,F1,Bordeaux,38,1,F1,FR1,mapeado,40,2011/12
time:bordeaux,EUROPA,2012,F1,Bordeaux,38,1,F1,FR1,mapeado,40,2012/13
time:bordeaux,EUROPA,2013,F1,Bordeaux,38,1,F1,FR1,mapeado,40,2013/14
time:bordeaux,EUROPA,2014,F1,Bordeaux,38,1,F1,FR1,mapeado,40,2014/15
time:bordeaux,EUROPA,2015,F1,Bordeaux,38,1,F1,FR1,mapeado,40,2015/16
time:bordeaux,EUROPA,2016,F1,Bordeaux,38,1,F1,FR1,mapeado,40,2016/17
time:bordeaux,EUROPA,2017,F1,Bordeaux,38,1,F1,FR1,mapeado,40,2017/18
time:bordeaux,EUROPA,2018,F1,Bordeaux,38,1,F1,FR1,mapeado,40,2018/19
time:botafogo_rj,BRA,2012,BRA,Botafogo RJ,38,1,BRA,BRA1,mapeado,537,2012
time:botafogo_rj,BRA,2013,BRA,Botafogo RJ,38,1,BRA,BRA1,mapeado,537,2013
time:botafogo_rj,BRA,2014,BRA,Botafogo RJ,38,1,BRA,BRA1,mapeado,537,2014
time:botafogo_rj,BRA,2016,BRA,Botafogo RJ,38,1,BRA,BRA1,mapeado,537,2016
time:botafogo_rj,BRA,2017,BRA,Botafogo RJ,38,1,BRA,BRA1,mapeado,537,2017
time:botafogo_rj,BRA,2018,BRA,Botafogo RJ,38,1,BRA,BRA1,mapeado,537,2018
time:botafogo_rj,BRA,2019,BRA,Botafogo RJ,38,1,BRA,BRA1,mapeado,537,2019
time:botafogo_rj,BRA,2022,BRA,Botafogo RJ,38,1,BRA,BRA1,mapeado,537,2022
time:botafogo_rj,BRA,2023,BRA,Botafogo RJ,38,1,BRA,BRA1,mapeado,537,2023
time:bournemouth,EUROPA,2015,E0,Bournemouth,38,1,E0,GB1,mapeado,989,2015/16
time:bournemouth,EUROPA,2016,E0,Bournemouth,38,1,E0,GB1,mapeado,989,2016/17
time:bournemouth,EUROPA,2017,E0,Bournemouth,38,1,E0,GB1,mapeado,989,2017/18
time:bournemouth,EUROPA,2018,E0,Bournemouth,38,1,E0,GB1,mapeado,989,2018/19
time:bournemouth,EUROPA,2022,E0,Bournemouth,38,1,E0,GB1,mapeado,989,2022/23
time:bournemouth,EUROPA,2023,E0,Bournemouth,38,1,E0,GB1,mapeado,989,2023/24
time:bournemouth,EUROPA,2024,E0,Bournemouth,38,1,E0,GB1,mapeado,989,2024/25
time:bournemouth,EUROPA,2025,E0,Bournemouth,38,1,E0,GB1,mapeado,989,2025/26
time:bragantino,BRA,2022,BRA,Bragantino,38,1,BRA,BRA1,mapeado,8793,2022
time:bragantino,BRA,2023,BRA,Bragantino,38,1,BRA,BRA1,mapeado,8793,2023
time:braunschweig,EUROPA,2013,D1,Braunschweig,34,1,D1,L1,mapeado,23,2013/14
time:brentford,EUROPA,2022,E0,Brentford,38,1,E0,GB1,mapeado,1148,2022/23
time:brentford,EUROPA,2023,E0,Brentford,38,1,E0,GB1,mapeado,1148,2023/24
time:brentford,EUROPA,2024,E0,Brentford,38,1,E0,GB1,mapeado,1148,2024/25
time:brentford,EUROPA,2025,E0,Brentford,38,1,E0,GB1,mapeado,1148,2025/26
time:brescia,EUROPA,2010,I1,Brescia,38,1,I1,IT1,mapeado,19,2010/11
time:brest,EUROPA,2010,F1,Brest,38,1,F1,FR1,mapeado,3911,2010/11
time:brest,EUROPA,2011,F1,Brest,38,1,F1,FR1,mapeado,3911,2011/12
time:brest,EUROPA,2012,F1,Brest,38,1,F1,FR1,mapeado,3911,2012/13
time:brest,EUROPA,2022,F1,Brest,38,1,F1,FR1,mapeado,3911,2022/23
time:brest,EUROPA,2023,F1,Brest,34,1,F1,FR1,mapeado,3911,2023/24
time:brest,EUROPA,2024,F1,Brest,34,1,F1,FR1,mapeado,3911,2024/25
time:brest,EUROPA,2025,F1,Brest,34,1,F1,FR1,mapeado,3911,2025/26
time:brighton,EUROPA,2017,E0,Brighton,38,1,E0,GB1,mapeado,1237,2017/18
time:brighton,EUROPA,2018,E0,Brighton,38,1,E0,GB1,mapeado,1237,2018/19
time:brighton,EUROPA,2022,E0,Brighton,38,1,E0,GB1,mapeado,1237,2022/23
time:brighton,EUROPA,2023,E0,Brighton,38,1,E0,GB1,mapeado,1237,2023/24
time:brighton,EUROPA,2024,E0,Brighton,38,1,E0,GB1,mapeado,1237,2024/25
time:brighton,EUROPA,2025,E0,Brighton,38,1,E0,GB1,mapeado,1237,2025/26
time:burnley,EUROPA,2014,E0,Burnley,38,1,E0,GB1,mapeado,1132,2014/15
time:burnley,EUROPA,2016,E0,Burnley,38,1,E0,GB1,mapeado,1132,2016/17
time:burnley,EUROPA,2017,E0,Burnley,38,1,E0,GB1,mapeado,1132,2017/18
time:burnley,EUROPA,2018,E0,Burnley,38,1,E0,GB1,mapeado,1132,2018/19
time:burnley,EUROPA,2023,E0,Burnley,38,1,E0,GB1,mapeado,1132,2023/24
time:burnley,EUROPA,2025,E0,Burnley,38,1,E0,GB1,mapeado,1132,2025/26
time:cadiz,EUROPA,2022,SP1,Cadiz,38,1,SP1,ES1,mapeado,2687,2022/23
time:cadiz,EUROPA,2023,SP1,Cadiz,38,1,SP1,ES1,mapeado,2687,2023/24
time:caen,EUROPA,2010,F1,Caen,38,1,F1,FR1,mapeado,1162,2010/11
time:caen,EUROPA,2011,F1,Caen,38,1,F1,FR1,mapeado,1162,2011/12
time:caen,EUROPA,2014,F1,Caen,38,1,F1,FR1,mapeado,1162,2014/15
time:caen,EUROPA,2015,F1,Caen,38,1,F1,FR1,mapeado,1162,2015/16
time:caen,EUROPA,2016,F1,Caen,38,1,F1,FR1,mapeado,1162,2016/17
time:caen,EUROPA,2017,F1,Caen,38,1,F1,FR1,mapeado,1162,2017/18
time:caen,EUROPA,2018,F1,Caen,38,1,F1,FR1,mapeado,1162,2018/19
time:cagliari,EUROPA,2010,I1,Cagliari,38,1,I1,IT1,mapeado,1390,2010/11
time:cagliari,EUROPA,2011,I1,Cagliari,38,1,I1,IT1,mapeado,1390,2011/12
time:cagliari,EUROPA,2012,I1,Cagliari,38,1,I1,IT1,mapeado,1390,2012/13
time:cagliari,EUROPA,2013,I1,Cagliari,38,1,I1,IT1,mapeado,1390,2013/14
time:cagliari,EUROPA,2014,I1,Cagliari,38,1,I1,IT1,mapeado,1390,2014/15
time:cagliari,EUROPA,2016,I1,Cagliari,38,1,I1,IT1,mapeado,1390,2016/17
time:cagliari,EUROPA,2017,I1,Cagliari,38,1,I1,IT1,mapeado,1390,2017/18
time:cagliari,EUROPA,2018,I1,Cagliari,38,1,I1,IT1,mapeado,1390,2018/19
time:cagliari,EUROPA,2023,I1,Cagliari,38,1,I1,IT1,mapeado,1390,2023/24
time:cagliari,EUROPA,2024,I1,Cagliari,38,1,I1,IT1,mapeado,1390,2024/25
time:cagliari,EUROPA,2025,I1,Cagliari,38,1,I1,IT1,mapeado,1390,2025/26
time:cardiff,EUROPA,2013,E0,Cardiff,38,1,E0,GB1,mapeado,603,2013/14
time:cardiff,EUROPA,2018,E0,Cardiff,38,1,E0,GB1,mapeado,603,2018/19
time:carpi,EUROPA,2015,I1,Carpi,38,1,I1,IT1,mapeado,4102,2015/16
time:catania,EUROPA,2010,I1,Catania,38,1,I1,IT1,mapeado,1627,2010/11
time:catania,EUROPA,2011,I1,Catania,38,1,I1,IT1,mapeado,1627,2011/12
time:catania,EUROPA,2012,I1,Catania,38,1,I1,IT1,mapeado,1627,2012/13
time:catania,EUROPA,2013,I1,Catania,38,1,I1,IT1,mapeado,1627,2013/14
time:ceara,BRA,2018,BRA,Ceara,38,1,BRA,BRA1,mapeado,2029,2018
time:ceara,BRA,2019,BRA,Ceara,38,1,BRA,BRA1,mapeado,2029,2019
time:ceara,BRA,2022,BRA,Ceara,38,1,BRA,BRA1,mapeado,2029,2022
time:celta,EUROPA,2012,SP1,Celta,38,1,SP1,ES1,mapeado,940,2012/13
time:celta,EUROPA,2013,SP1,Celta,38,1,SP1,ES1,mapeado,940,2013/14
time:celta,EUROPA,2014,SP1,Celta,38,1,SP1,ES1,mapeado,940,2014/15
time:celta,EUROPA,2015,SP1,Celta,38,1,SP1,ES1,mapeado,940,2015/16
time:celta,EUROPA,2016,SP1,Celta,38,1,SP1,ES1,mapeado,940,2016/17
time:celta,EUROPA,2017,SP1,Celta,38,1,SP1,ES1,mapeado,940,2017/18
time:celta,EUROPA,2018,SP1,Celta,38,1,SP1,ES1,mapeado,940,2018/19
time:celta,EUROPA,2022,SP1,Celta,38,1,SP1,ES1,mapeado,940,2022/23
time:celta,EUROPA,2023,SP1,Celta,38,1,SP1,ES1,mapeado,940,2023/24
time:celta,EUROPA,2024,SP1,Celta,38,1,SP1,ES1,mapeado,940,2024/25
time:celta,EUROPA,2025,SP1,Celta,38,1,SP1,ES1,mapeado,940,2025/26
time:cesena,EUROPA,2010,I1,Cesena,38,1,I1,IT1,mapeado,1429,2010/11
time:cesena,EUROPA,2011,I1,Cesena,38,1,I1,IT1,mapeado,1429,2011/12
time:cesena,EUROPA,2014,I1,Cesena,38,1,I1,IT1,mapeado,1429,2014/15
time:chapecoense_sc,BRA,2014,BRA,Chapecoense-SC,38,1,BRA,BRA1,mapeado,17776,2014
time:chapecoense_sc,BRA,2015,BRA,Chapecoense-SC,38,1,BRA,BRA1,mapeado,17776,2015
time:chapecoense_sc,BRA,2016,BRA,Chapecoense-SC,38,1,BRA,BRA1,mapeado,17776,2016
time:chapecoense_sc,BRA,2017,BRA,Chapecoense-SC,38,1,BRA,BRA1,mapeado,17776,2017
time:chapecoense_sc,BRA,2018,BRA,Chapecoense-SC,38,1,BRA,BRA1,mapeado,17776,2018
time:chapecoense_sc,BRA,2019,BRA,Chapecoense-SC,38,1,BRA,BRA1,mapeado,17776,2019
time:chelsea,EUROPA,2010,E0,Chelsea,38,1,E0,GB1,mapeado,631,2010/11
time:chelsea,EUROPA,2011,E0,Chelsea,38,1,E0,GB1,mapeado,631,2011/12
time:chelsea,EUROPA,2012,E0,Chelsea,38,1,E0,GB1,mapeado,631,2012/13
time:chelsea,EUROPA,2013,E0,Chelsea,38,1,E0,GB1,mapeado,631,2013/14
time:chelsea,EUROPA,2014,E0,Chelsea,38,1,E0,GB1,mapeado,631,2014/15
time:chelsea,EUROPA,2015,E0,Chelsea,38,1,E0,GB1,mapeado,631,2015/16
time:chelsea,EUROPA,2016,E0,Chelsea,38,1,E0,GB1,mapeado,631,2016/17
time:chelsea,EUROPA,2017,E0,Chelsea,38,1,E0,GB1,mapeado,631,2017/18
time:chelsea,EUROPA,2018,E0,Chelsea,38,1,E0,GB1,mapeado,631,2018/19
time:chelsea,EUROPA,2022,E0,Chelsea,38,1,E0,GB1,mapeado,631,2022/23
time:chelsea,EUROPA,2023,E0,Chelsea,38,1,E0,GB1,mapeado,631,2023/24
time:chelsea,EUROPA,2024,E0,Chelsea,38,1,E0,GB1,mapeado,631,2024/25
time:chelsea,EUROPA,2025,E0,Chelsea,38,1,E0,GB1,mapeado,631,2025/26
time:chievo,EUROPA,2010,I1,Chievo,38,1,I1,IT1,mapeado,,2010/11
time:chievo,EUROPA,2011,I1,Chievo,38,1,I1,IT1,mapeado,,2011/12
time:chievo,EUROPA,2012,I1,Chievo,38,1,I1,IT1,mapeado,,2012/13
time:chievo,EUROPA,2013,I1,Chievo,38,1,I1,IT1,mapeado,,2013/14
time:chievo,EUROPA,2014,I1,Chievo,38,1,I1,IT1,mapeado,,2014/15
time:chievo,EUROPA,2015,I1,Chievo,38,1,I1,IT1,mapeado,,2015/16
time:chievo,EUROPA,2016,I1,Chievo,38,1,I1,IT1,mapeado,,2016/17
time:chievo,EUROPA,2017,I1,Chievo,38,1,I1,IT1,mapeado,,2017/18
time:chievo,EUROPA,2018,I1,Chievo,38,1,I1,IT1,mapeado,,2018/19
time:clermont,EUROPA,2022,F1,Clermont,38,1,F1,FR1,mapeado,3524,2022/23
time:clermont,EUROPA,2023,F1,Clermont,34,1,F1,FR1,mapeado,3524,2023/24
time:como,EUROPA,2024,I1,Como,38,1,I1,IT1,mapeado,1047,2024/25
time:como,EUROPA,2025,I1,Como,38,1,I1,IT1,mapeado,1047,2025/26
time:cordoba,EUROPA,2014,SP1,Cordoba,38,1,SP1,ES1,mapeado,993,2014/15
time:corinthians,BRA,2012,BRA,Corinthians,38,1,BRA,BRA1,mapeado,199,2012
time:corinthians,BRA,2013,BRA,Corinthians,38,1,BRA,BRA1,mapeado,199,2013
time:corinthians,BRA,2014,BRA,Corinthians,38,1,BRA,BRA1,mapeado,199,2014
time:corinthians,BRA,2015,BRA,Corinthians,38,1,BRA,BRA1,mapeado,199,2015
time:corinthians,BRA,2016,BRA,Corinthians,38,1,BRA,BRA1,mapeado,199,2016
time:corinthians,BRA,2017,BRA,Corinthians,38,1,BRA,BRA1,mapeado,199,2017
time:corinthians,BRA,2018,BRA,Corinthians,38,1,BRA,BRA1,mapeado,199,2018
time:corinthians,BRA,2019,BRA,Corinthians,38,1,BRA,BRA1,mapeado,199,2019
time:corinthians,BRA,2022,BRA,Corinthians,38,1,BRA,BRA1,mapeado,199,2022
time:corinthians,BRA,2023,BRA,Corinthians,38,1,BRA,BRA1,mapeado,199,2023
time:coritiba,BRA,2012,BRA,Coritiba,38,1,BRA,BRA1,mapeado,776,2012
time:coritiba,BRA,2013,BRA,Coritiba,38,1,BRA,BRA1,mapeado,776,2013
time:coritiba,BRA,2014,BRA,Coritiba,38,1,BRA,BRA1,mapeado,776,2014
time:coritiba,BRA,2015,BRA,Coritiba,38,1,BRA,BRA1,mapeado,776,2015
time:coritiba,BRA,2016,BRA,Coritiba,38,1,BRA,BRA1,mapeado,776,2016
time:coritiba,BRA,2017,BRA,Coritiba,38,1,BRA,BRA1,mapeado,776,2017
time:coritiba,BRA,2022,BRA,Coritiba,38,1,BRA,BRA1,mapeado,776,2022
time:coritiba,BRA,2023,BRA,Coritiba,38,1,BRA,BRA1,mapeado,776,2023
time:cremonese,EUROPA,2022,I1,Cremonese,38,1,I1,IT1,mapeado,2239,2022/23
time:cremonese,EUROPA,2025,I1,Cremonese,38,1,I1,IT1,mapeado,2239,2025/26
time:criciuma,BRA,2013,BRA,Criciuma,38,1,BRA,BRA1,mapeado,,2013
time:criciuma,BRA,2014,BRA,Criciuma,38,1,BRA,BRA1,mapeado,,2014
time:crotone,EUROPA,2016,I1,Crotone,38,1,I1,IT1,mapeado,4083,2016/17
time:crotone,EUROPA,2017,I1,Crotone,38,1,I1,IT1,mapeado,4083,2017/18
time:cruzeiro,BRA,2012,BRA,Cruzeiro,38,1,BRA,BRA1,mapeado,609,2012
time:cruzeiro,BRA,2013,BRA,Cruzeiro,38,1,BRA,BRA1,mapeado,609,2013
time:cruzeiro,BRA,2014,BRA,Cruzeiro,38,1,BRA,BRA1,mapeado,609,2014
time:cruzeiro,BRA,2015,BRA,Cruzeiro,38,1,BRA,BRA1,mapeado,609,2015
time:cruzeiro,BRA,2016,BRA,Cruzeiro,38,1,BRA,BRA1,mapeado,609,2016
time:cruzeiro,BRA,2017,BRA,Cruzeiro,38,1,BRA,BRA1,mapeado,609,2017
time:cruzeiro,BRA,2018,BRA,Cruzeiro,38,1,BRA,BRA1,mapeado,609,2018
time:cruzeiro,BRA,2019,BRA,Cruzeiro,38,1,BRA,BRA1,mapeado,609,2019
time:cruzeiro,BRA,2023,BRA,Cruzeiro,38,1,BRA,BRA1,mapeado,609,2023
time:crystal_palace,EUROPA,2013,E0,Crystal Palace,38,1,E0,GB1,mapeado,873,2013/14
time:crystal_palace,EUROPA,2014,E0,Crystal Palace,38,1,E0,GB1,mapeado,873,2014/15
time:crystal_palace,EUROPA,2015,E0,Crystal Palace,38,1,E0,GB1,mapeado,873,2015/16
time:crystal_palace,EUROPA,2016,E0,Crystal Palace,38,1,E0,GB1,mapeado,873,2016/17
time:crystal_palace,EUROPA,2017,E0,Crystal Palace,38,1,E0,GB1,mapeado,873,2017/18
time:crystal_palace,EUROPA,2018,E0,Crystal Palace,38,1,E0,GB1,mapeado,873,2018/19
time:crystal_palace,EUROPA,2022,E0,Crystal Palace,38,1,E0,GB1,mapeado,873,2022/23
time:crystal_palace,EUROPA,2023,E0,Crystal Palace,38,1,E0,GB1,mapeado,873,2023/24
time:crystal_palace,EUROPA,2024,E0,Crystal Palace,38,1,E0,GB1,mapeado,873,2024/25
time:crystal_palace,EUROPA,2025,E0,Crystal Palace,38,1,E0,GB1,mapeado,873,2025/26
time:csa,BRA,2019,BRA,CSA,38,1,BRA,BRA1,mapeado,,2019
time:cuiaba,BRA,2022,BRA,Cuiaba,38,1,BRA,BRA1,mapeado,,2022
time:cuiaba,BRA,2023,BRA,Cuiaba,38,1,BRA,BRA1,mapeado,,2023
time:darmstadt,EUROPA,2015,D1,Darmstadt,34,1,D1,L1,mapeado,105,2015/16
time:darmstadt,EUROPA,2016,D1,Darmstadt,34,1,D1,L1,mapeado,105,2016/17
time:darmstadt,EUROPA,2023,D1,Darmstadt,34,1,D1,L1,mapeado,105,2023/24
time:dijon,EUROPA,2011,F1,Dijon,38,1,F1,FR1,mapeado,2969,2011/12
time:dijon,EUROPA,2016,F1,Dijon,38,1,F1,FR1,mapeado,2969,2016/17
time:dijon,EUROPA,2017,F1,Dijon,38,1,F1,FR1,mapeado,2969,2017/18
time:dijon,EUROPA,2018,F1,Dijon,38,1,F1,FR1,mapeado,2969,2018/19
time:dortmund,EUROPA,2010,D1,Dortmund,34,1,D1,L1,mapeado,16,2010/11
time:dortmund,EUROPA,2011,D1,Dortmund,34,1,D1,L1,mapeado,16,2011/12
time:dortmund,EUROPA,2012,D1,Dortmund,34,1,D1,L1,mapeado,16,2012/13
time:dortmund,EUROPA,2013,D1,Dortmund,34,1,D1,L1,mapeado,16,2013/14
time:dortmund,EUROPA,2014,D1,Dortmund,34,1,D1,L1,mapeado,16,2014/15
time:dortmund,EUROPA,2015,D1,Dortmund,34,1,D1,L1,mapeado,16,2015/16
time:dortmund,EUROPA,2016,D1,Dortmund,34,1,D1,L1,mapeado,16,2016/17
time:dortmund,EUROPA,2017,D1,Dortmund,34,1,D1,L1,mapeado,16,2017/18
time:dortmund,EUROPA,2018,D1,Dortmund,34,1,D1,L1,mapeado,16,2018/19
time:dortmund,EUROPA,2022,D1,Dortmund,34,1,D1,L1,mapeado,16,2022/23
time:dortmund,EUROPA,2023,D1,Dortmund,34,1,D1,L1,mapeado,16,2023/24
time:dortmund,EUROPA,2024,D1,Dortmund,34,1,D1,L1,mapeado,16,2024/25
time:dortmund,EUROPA,2025,D1,Dortmund,34,1,D1,L1,mapeado,16,2025/26
time:eibar,EUROPA,2014,SP1,Eibar,38,1,SP1,ES1,mapeado,1533,2014/15
time:eibar,EUROPA,2015,SP1,Eibar,38,1,SP1,ES1,mapeado,1533,2015/16
time:eibar,EUROPA,2016,SP1,Eibar,38,1,SP1,ES1,mapeado,1533,2016/17
time:eibar,EUROPA,2017,SP1,Eibar,38,1,SP1,ES1,mapeado,1533,2017/18
time:eibar,EUROPA,2018,SP1,Eibar,38,1,SP1,ES1,mapeado,1533,2018/19
time:ein_frankfurt,EUROPA,2010,D1,Ein Frankfurt,34,1,D1,L1,mapeado,24,2010/11
time:ein_frankfurt,EUROPA,2012,D1,Ein Frankfurt,34,1,D1,L1,mapeado,24,2012/13
time:ein_frankfurt,EUROPA,2013,D1,Ein Frankfurt,34,1,D1,L1,mapeado,24,2013/14
time:ein_frankfurt,EUROPA,2014,D1,Ein Frankfurt,34,1,D1,L1,mapeado,24,2014/15
time:ein_frankfurt,EUROPA,2015,D1,Ein Frankfurt,34,1,D1,L1,mapeado,24,2015/16
time:ein_frankfurt,EUROPA,2016,D1,Ein Frankfurt,34,1,D1,L1,mapeado,24,2016/17
time:ein_frankfurt,EUROPA,2017,D1,Ein Frankfurt,34,1,D1,L1,mapeado,24,2017/18
time:ein_frankfurt,EUROPA,2018,D1,Ein Frankfurt,34,1,D1,L1,mapeado,24,2018/19
time:ein_frankfurt,EUROPA,2022,D1,Ein Frankfurt,34,1,D1,L1,mapeado,24,2022/23
time:ein_frankfurt,EUROPA,2023,D1,Ein Frankfurt,34,1,D1,L1,mapeado,24,2023/24
time:ein_frankfurt,EUROPA,2024,D1,Ein Frankfurt,34,1,D1,L1,mapeado,24,2024/25
time:ein_frankfurt,EUROPA,2025,D1,Ein Frankfurt,34,1,D1,L1,mapeado,24,2025/26
time:elche,EUROPA,2013,SP1,Elche,38,1,SP1,ES1,mapeado,1531,2013/14
time:elche,EUROPA,2014,SP1,Elche,38,1,SP1,ES1,mapeado,1531,2014/15
time:elche,EUROPA,2022,SP1,Elche,38,1,SP1,ES1,mapeado,1531,2022/23
time:elche,EUROPA,2025,SP1,Elche,38,1,SP1,ES1,mapeado,1531,2025/26
time:empoli,EUROPA,2014,I1,Empoli,38,1,I1,IT1,mapeado,749,2014/15
time:empoli,EUROPA,2015,I1,Empoli,38,1,I1,IT1,mapeado,749,2015/16
time:empoli,EUROPA,2016,I1,Empoli,38,1,I1,IT1,mapeado,749,2016/17
time:empoli,EUROPA,2018,I1,Empoli,38,1,I1,IT1,mapeado,749,2018/19
time:empoli,EUROPA,2022,I1,Empoli,38,1,I1,IT1,mapeado,749,2022/23
time:empoli,EUROPA,2023,I1,Empoli,38,1,I1,IT1,mapeado,749,2023/24
time:empoli,EUROPA,2024,I1,Empoli,38,1,I1,IT1,mapeado,749,2024/25
time:espanol,EUROPA,2010,SP1,Espanol,38,1,SP1,ES1,mapeado,714,2010/11
time:espanol,EUROPA,2011,SP1,Espanol,38,1,SP1,ES1,mapeado,714,2011/12
time:espanol,EUROPA,2012,SP1,Espanol,38,1,SP1,ES1,mapeado,714,2012/13
time:espanol,EUROPA,2013,SP1,Espanol,38,1,SP1,ES1,mapeado,714,2013/14
time:espanol,EUROPA,2014,SP1,Espanol,38,1,SP1,ES1,mapeado,714,2014/15
time:espanol,EUROPA,2015,SP1,Espanol,38,1,SP1,ES1,mapeado,714,2015/16
time:espanol,EUROPA,2016,SP1,Espanol,38,1,SP1,ES1,mapeado,714,2016/17
time:espanol,EUROPA,2017,SP1,Espanol,38,1,SP1,ES1,mapeado,714,2017/18
time:espanol,EUROPA,2018,SP1,Espanol,38,1,SP1,ES1,mapeado,714,2018/19
time:espanol,EUROPA,2022,SP1,Espanol,38,1,SP1,ES1,mapeado,714,2022/23
time:espanol,EUROPA,2024,SP1,Espanol,38,1,SP1,ES1,mapeado,714,2024/25
time:espanol,EUROPA,2025,SP1,Espanol,38,1,SP1,ES1,mapeado,714,2025/26
time:everton,EUROPA,2010,E0,Everton,38,1,E0,GB1,mapeado,29,2010/11
time:everton,EUROPA,2011,E0,Everton,38,1,E0,GB1,mapeado,29,2011/12
time:everton,EUROPA,2012,E0,Everton,38,1,E0,GB1,mapeado,29,2012/13
time:everton,EUROPA,2013,E0,Everton,38,1,E0,GB1,mapeado,29,2013/14
time:everton,EUROPA,2014,E0,Everton,38,1,E0,GB1,mapeado,29,2014/15
time:everton,EUROPA,2015,E0,Everton,38,1,E0,GB1,mapeado,29,2015/16
time:everton,EUROPA,2016,E0,Everton,38,1,E0,GB1,mapeado,29,2016/17
time:everton,EUROPA,2017,E0,Everton,38,1,E0,GB1,mapeado,29,2017/18
time:everton,EUROPA,2018,E0,Everton,38,1,E0,GB1,mapeado,29,2018/19
time:everton,EUROPA,2022,E0,Everton,38,1,E0,GB1,mapeado,29,2022/23
time:everton,EUROPA,2023,E0,Everton,38,1,E0,GB1,mapeado,29,2023/24
time:everton,EUROPA,2024,E0,Everton,38,1,E0,GB1,mapeado,29,2024/25
time:everton,EUROPA,2025,E0,Everton,38,1,E0,GB1,mapeado,29,2025/26
time:evian_thonon_gaillard,EUROPA,2011,F1,Evian Thonon Gaillard,38,1,F1,FR1,mapeado,14171,2011/12
time:evian_thonon_gaillard,EUROPA,2012,F1,Evian Thonon Gaillard,38,1,F1,FR1,mapeado,14171,2012/13
time:evian_thonon_gaillard,EUROPA,2013,F1,Evian Thonon Gaillard,38,1,F1,FR1,mapeado,14171,2013/14
time:evian_thonon_gaillard,EUROPA,2014,F1,Evian Thonon Gaillard,38,1,F1,FR1,mapeado,14171,2014/15
time:fc_koln,EUROPA,2010,D1,FC Koln,34,1,D1,L1,mapeado,3,2010/11
time:fc_koln,EUROPA,2011,D1,FC Koln,34,1,D1,L1,mapeado,3,2011/12
time:fc_koln,EUROPA,2014,D1,FC Koln,34,1,D1,L1,mapeado,3,2014/15
time:fc_koln,EUROPA,2015,D1,FC Koln,34,1,D1,L1,mapeado,3,2015/16
time:fc_koln,EUROPA,2016,D1,FC Koln,34,1,D1,L1,mapeado,3,2016/17
time:fc_koln,EUROPA,2017,D1,FC Koln,34,1,D1,L1,mapeado,3,2017/18
time:fc_koln,EUROPA,2022,D1,FC Koln,34,1,D1,L1,mapeado,3,2022/23
time:fc_koln,EUROPA,2023,D1,FC Koln,34,1,D1,L1,mapeado,3,2023/24
time:fc_koln,EUROPA,2025,D1,FC Koln,34,1,D1,L1,mapeado,3,2025/26
time:figueirense,BRA,2012,BRA,Figueirense,38,1,BRA,BRA1,mapeado,,2012
time:figueirense,BRA,2014,BRA,Figueirense,38,1,BRA,BRA1,mapeado,,2014
time:figueirense,BRA,2015,BRA,Figueirense,38,1,BRA,BRA1,mapeado,,2015
time:figueirense,BRA,2016,BRA,Figueirense,38,1,BRA,BRA1,mapeado,,2016
time:fiorentina,EUROPA,2010,I1,Fiorentina,38,1,I1,IT1,mapeado,430,2010/11
time:fiorentina,EUROPA,2011,I1,Fiorentina,38,1,I1,IT1,mapeado,430,2011/12
time:fiorentina,EUROPA,2012,I1,Fiorentina,38,1,I1,IT1,mapeado,430,2012/13
time:fiorentina,EUROPA,2013,I1,Fiorentina,38,1,I1,IT1,mapeado,430,2013/14
time:fiorentina,EUROPA,2014,I1,Fiorentina,38,1,I1,IT1,mapeado,430,2014/15
time:fiorentina,EUROPA,2015,I1,Fiorentina,38,1,I1,IT1,mapeado,430,2015/16
time:fiorentina,EUROPA,2016,I1,Fiorentina,38,1,I1,IT1,mapeado,430,2016/17
time:fiorentina,EUROPA,2017,I1,Fiorentina,38,1,I1,IT1,mapeado,430,2017/18
time:fiorentina,EUROPA,2018,I1,Fiorentina,38,1,I1,IT1,mapeado,430,2018/19
time:fiorentina,EUROPA,2022,I1,Fiorentina,38,1,I1,IT1,mapeado,430,2022/23
time:fiorentina,EUROPA,2023,I1,Fiorentina,38,1,I1,IT1,mapeado,430,2023/24
time:fiorentina,EUROPA,2024,I1,Fiorentina,38,1,I1,IT1,mapeado,430,2024/25
time:fiorentina,EUROPA,2025,I1,Fiorentina,38,1,I1,IT1,mapeado,430,2025/26
time:flamengo_rj,BRA,2012,BRA,Flamengo RJ,38,1,BRA,BRA1,mapeado,614,2012
time:flamengo_rj,BRA,2013,BRA,Flamengo RJ,38,1,BRA,BRA1,mapeado,614,2013
time:flamengo_rj,BRA,2014,BRA,Flamengo RJ,38,1,BRA,BRA1,mapeado,614,2014
time:flamengo_rj,BRA,2015,BRA,Flamengo RJ,38,1,BRA,BRA1,mapeado,614,2015
time:flamengo_rj,BRA,2016,BRA,Flamengo RJ,38,1,BRA,BRA1,mapeado,614,2016
time:flamengo_rj,BRA,2017,BRA,Flamengo RJ,38,1,BRA,BRA1,mapeado,614,2017
time:flamengo_rj,BRA,2018,BRA,Flamengo RJ,38,1,BRA,BRA1,mapeado,614,2018
time:flamengo_rj,BRA,2019,BRA,Flamengo RJ,38,1,BRA,BRA1,mapeado,614,2019
time:flamengo_rj,BRA,2022,BRA,Flamengo RJ,38,1,BRA,BRA1,mapeado,614,2022
time:flamengo_rj,BRA,2023,BRA,Flamengo RJ,38,1,BRA,BRA1,mapeado,614,2023
time:fluminense,BRA,2012,BRA,Fluminense,38,1,BRA,BRA1,mapeado,2462,2012
time:fluminense,BRA,2013,BRA,Fluminense,38,1,BRA,BRA1,mapeado,2462,2013
time:fluminense,BRA,2014,BRA,Fluminense,38,1,BRA,BRA1,mapeado,2462,2014
time:fluminense,BRA,2015,BRA,Fluminense,38,1,BRA,BRA1,mapeado,2462,2015
time:fluminense,BRA,2016,BRA,Fluminense,38,1,BRA,BRA1,mapeado,2462,2016
time:fluminense,BRA,2017,BRA,Fluminense,38,1,BRA,BRA1,mapeado,2462,2017
time:fluminense,BRA,2018,BRA,Fluminense,38,1,BRA,BRA1,mapeado,2462,2018
time:fluminense,BRA,2019,BRA,Fluminense,38,1,BRA,BRA1,mapeado,2462,2019
time:fluminense,BRA,2022,BRA,Fluminense,38,1,BRA,BRA1,mapeado,2462,2022
time:fluminense,BRA,2023,BRA,Fluminense,38,1,BRA,BRA1,mapeado,2462,2023
time:fortaleza,BRA,2019,BRA,Fortaleza,38,1,BRA,BRA1,mapeado,10870,2019
time:fortaleza,BRA,2022,BRA,Fortaleza,38,1,BRA,BRA1,mapeado,10870,2022
time:fortaleza,BRA,2023,BRA,Fortaleza,38,1,BRA,BRA1,mapeado,10870,2023
time:fortuna_dusseldorf,EUROPA,2012,D1,Fortuna Dusseldorf,34,1,D1,L1,mapeado,38,2012/13
time:fortuna_dusseldorf,EUROPA,2018,D1,Fortuna Dusseldorf,34,1,D1,L1,mapeado,38,2018/19
time:freiburg,EUROPA,2010,D1,Freiburg,34,1,D1,L1,mapeado,60,2010/11
time:freiburg,EUROPA,2011,D1,Freiburg,34,1,D1,L1,mapeado,60,2011/12
time:freiburg,EUROPA,2012,D1,Freiburg,34,1,D1,L1,mapeado,60,2012/13
time:freiburg,EUROPA,2013,D1,Freiburg,34,1,D1,L1,mapeado,60,2013/14
time:freiburg,EUROPA,2014,D1,Freiburg,34,1,D1,L1,mapeado,60,2014/15
time:freiburg,EUROPA,2016,D1,Freiburg,34,1,D1,L1,mapeado,60,2016/17
time:freiburg,EUROPA,2017,D1,Freiburg,34,1,D1,L1,mapeado,60,2017/18
time:freiburg,EUROPA,2018,D1,Freiburg,34,1,D1,L1,mapeado,60,2018/19
time:freiburg,EUROPA,2022,D1,Freiburg,34,1,D1,L1,mapeado,60,2022/23
time:freiburg,EUROPA,2023,D1,Freiburg,34,1,D1,L1,mapeado,60,2023/24
time:freiburg,EUROPA,2024,D1,Freiburg,34,1,D1,L1,mapeado,60,2024/25
time:freiburg,EUROPA,2025,D1,Freiburg,34,1,D1,L1,mapeado,60,2025/26
time:frosinone,EUROPA,2015,I1,Frosinone,38,1,I1,IT1,mapeado,8970,2015/16
time:frosinone,EUROPA,2018,I1,Frosinone,38,1,I1,IT1,mapeado,8970,2018/19
time:frosinone,EUROPA,2023,I1,Frosinone,38,1,I1,IT1,mapeado,8970,2023/24
time:fulham,EUROPA,2010,E0,Fulham,38,1,E0,GB1,mapeado,931,2010/11
time:fulham,EUROPA,2011,E0,Fulham,38,1,E0,GB1,mapeado,931,2011/12
time:fulham,EUROPA,2012,E0,Fulham,38,1,E0,GB1,mapeado,931,2012/13
time:fulham,EUROPA,2013,E0,Fulham,38,1,E0,GB1,mapeado,931,2013/14
time:fulham,EUROPA,2018,E0,Fulham,38,1,E0,GB1,mapeado,931,2018/19
time:fulham,EUROPA,2022,E0,Fulham,38,1,E0,GB1,mapeado,931,2022/23
time:fulham,EUROPA,2023,E0,Fulham,38,1,E0,GB1,mapeado,931,2023/24
time:fulham,EUROPA,2024,E0,Fulham,38,1,E0,GB1,mapeado,931,2024/25
time:fulham,EUROPA,2025,E0,Fulham,38,1,E0,GB1,mapeado,931,2025/26
time:genoa,EUROPA,2010,I1,Genoa,38,1,I1,IT1,mapeado,252,2010/11
time:genoa,EUROPA,2011,I1,Genoa,38,1,I1,IT1,mapeado,252,2011/12
time:genoa,EUROPA,2012,I1,Genoa,38,1,I1,IT1,mapeado,252,2012/13
time:genoa,EUROPA,2013,I1,Genoa,38,1,I1,IT1,mapeado,252,2013/14
time:genoa,EUROPA,2014,I1,Genoa,38,1,I1,IT1,mapeado,252,2014/15
time:genoa,EUROPA,2015,I1,Genoa,38,1,I1,IT1,mapeado,252,2015/16
time:genoa,EUROPA,2016,I1,Genoa,38,1,I1,IT1,mapeado,252,2016/17
time:genoa,EUROPA,2017,I1,Genoa,38,1,I1,IT1,mapeado,252,2017/18
time:genoa,EUROPA,2018,I1,Genoa,38,1,I1,IT1,mapeado,252,2018/19
time:genoa,EUROPA,2023,I1,Genoa,38,1,I1,IT1,mapeado,252,2023/24
time:genoa,EUROPA,2024,I1,Genoa,38,1,I1,IT1,mapeado,252,2024/25
time:genoa,EUROPA,2025,I1,Genoa,38,1,I1,IT1,mapeado,252,2025/26
time:getafe,EUROPA,2010,SP1,Getafe,38,1,SP1,ES1,mapeado,3709,2010/11
time:getafe,EUROPA,2011,SP1,Getafe,38,1,SP1,ES1,mapeado,3709,2011/12
time:getafe,EUROPA,2012,SP1,Getafe,38,1,SP1,ES1,mapeado,3709,2012/13
time:getafe,EUROPA,2013,SP1,Getafe,38,1,SP1,ES1,mapeado,3709,2013/14
time:getafe,EUROPA,2014,SP1,Getafe,38,1,SP1,ES1,mapeado,3709,2014/15
time:getafe,EUROPA,2015,SP1,Getafe,38,1,SP1,ES1,mapeado,3709,2015/16
time:getafe,EUROPA,2017,SP1,Getafe,38,1,SP1,ES1,mapeado,3709,2017/18
time:getafe,EUROPA,2018,SP1,Getafe,38,1,SP1,ES1,mapeado,3709,2018/19
time:getafe,EUROPA,2022,SP1,Getafe,38,1,SP1,ES1,mapeado,3709,2022/23
time:getafe,EUROPA,2023,SP1,Getafe,38,1,SP1,ES1,mapeado,3709,2023/24
time:getafe,EUROPA,2024,SP1,Getafe,38,1,SP1,ES1,mapeado,3709,2024/25
time:getafe,EUROPA,2025,SP1,Getafe,38,1,SP1,ES1,mapeado,3709,2025/26
time:girona,EUROPA,2017,SP1,Girona,38,1,SP1,ES1,mapeado,12321,2017/18
time:girona,EUROPA,2018,SP1,Girona,38,1,SP1,ES1,mapeado,12321,2018/19
time:girona,EUROPA,2022,SP1,Girona,38,1,SP1,ES1,mapeado,12321,2022/23
time:girona,EUROPA,2023,SP1,Girona,38,1,SP1,ES1,mapeado,12321,2023/24
time:girona,EUROPA,2024,SP1,Girona,38,1,SP1,ES1,mapeado,12321,2024/25
time:girona,EUROPA,2025,SP1,Girona,38,1,SP1,ES1,mapeado,12321,2025/26
time:goias,BRA,2013,BRA,Goias,38,1,BRA,BRA1,mapeado,,2013
time:goias,BRA,2014,BRA,Goias,38,1,BRA,BRA1,mapeado,,2014
time:goias,BRA,2015,BRA,Goias,38,1,BRA,BRA1,mapeado,,2015
time:goias,BRA,2019,BRA,Goias,38,1,BRA,BRA1,mapeado,,2019
time:goias,BRA,2022,BRA,Goias,38,1,BRA,BRA1,mapeado,,2022
time:goias,BRA,2023,BRA,Goias,38,1,BRA,BRA1,mapeado,,2023
time:granada,EUROPA,2011,SP1,Granada,38,1,SP1,ES1,mapeado,16795,2011/12
time:granada,EUROPA,2012,SP1,Granada,38,1,SP1,ES1,mapeado,16795,2012/13
time:granada,EUROPA,2013,SP1,Granada,38,1,SP1,ES1,mapeado,16795,2013/14
time:granada,EUROPA,2014,SP1,Granada,38,1,SP1,ES1,mapeado,16795,2014/15
time:granada,EUROPA,2015,SP1,Granada,38,1,SP1,ES1,mapeado,16795,2015/16
time:granada,EUROPA,2016,SP1,Granada,38,1,SP1,ES1,mapeado,16795,2016/17
time:granada,EUROPA,2023,SP1,Granada,38,1,SP1,ES1,mapeado,16795,2023/24
time:gremio,BRA,2012,BRA,Gremio,38,1,BRA,BRA1,mapeado,210,2012
time:gremio,BRA,2013,BRA,Gremio,38,1,BRA,BRA1,mapeado,210,2013
time:gremio,BRA,2014,BRA,Gremio,38,1,BRA,BRA1,mapeado,210,2014
time:gremio,BRA,2015,BRA,Gremio,38,1,BRA,BRA1,mapeado,210,2015
time:gremio,BRA,2016,BRA,Gremio,38,1,BRA,BRA1,mapeado,210,2016
time:gremio,BRA,2017,BRA,Gremio,38,1,BRA,BRA1,mapeado,210,2017
time:gremio,BRA,2018,BRA,Gremio,38,1,BRA,BRA1,mapeado,210,2018
time:gremio,BRA,2019,BRA,Gremio,38,1,BRA,BRA1,mapeado,210,2019
time:gremio,BRA,2023,BRA,Gremio,38,1,BRA,BRA1,mapeado,210,2023
time:greuther_furth,EUROPA,2012,D1,Greuther Furth,34,1,D1,L1,mapeado,65,2012/13
time:guingamp,EUROPA,2013,F1,Guingamp,38,1,F1,FR1,mapeado,855,2013/14
time:guingamp,EUROPA,2014,F1,Guingamp,38,1,F1,FR1,mapeado,855,2014/15
time:guingamp,EUROPA,2015,F1,Guingamp,38,1,F1,FR1,mapeado,855,2015/16
time:guingamp,EUROPA,2016,F1,Guingamp,38,1,F1,FR1,mapeado,855,2016/17
time:guingamp,EUROPA,2017,F1,Guingamp,38,1,F1,FR1,mapeado,855,2017/18
time:guingamp,EUROPA,2018,F1,Guingamp,38,1,F1,FR1,mapeado,855,2018/19
time:hamburg,EUROPA,2010,D1,Hamburg,34,1,D1,L1,mapeado,41,2010/11
time:hamburg,EUROPA,2011,D1,Hamburg,34,1,D1,L1,mapeado,41,2011/12
time:hamburg,EUROPA,2012,D1,Hamburg,34,1,D1,L1,mapeado,41,2012/13
time:hamburg,EUROPA,2013,D1,Hamburg,34,1,D1,L1,mapeado,41,2013/14
time:hamburg,EUROPA,2014,D1,Hamburg,34,1,D1,L1,mapeado,41,2014/15
time:hamburg,EUROPA,2015,D1,Hamburg,34,1,D1,L1,mapeado,41,2015/16
time:hamburg,EUROPA,2016,D1,Hamburg,34,1,D1,L1,mapeado,41,2016/17
time:hamburg,EUROPA,2017,D1,Hamburg,34,1,D1,L1,mapeado,41,2017/18
time:hamburg,EUROPA,2025,D1,Hamburg,34,1,D1,L1,mapeado,41,2025/26
time:hannover,EUROPA,2010,D1,Hannover,34,1,D1,L1,mapeado,42,2010/11
time:hannover,EUROPA,2011,D1,Hannover,34,1,D1,L1,mapeado,42,2011/12
time:hannover,EUROPA,2012,D1,Hannover,34,1,D1,L1,mapeado,42,2012/13
time:hannover,EUROPA,2013,D1,Hannover,34,1,D1,L1,mapeado,42,2013/14
time:hannover,EUROPA,2014,D1,Hannover,34,1,D1,L1,mapeado,42,2014/15
time:hannover,EUROPA,2015,D1,Hannover,34,1,D1,L1,mapeado,42,2015/16
time:hannover,EUROPA,2017,D1,Hannover,34,1,D1,L1,mapeado,42,2017/18
time:hannover,EUROPA,2018,D1,Hannover,34,1,D1,L1,mapeado,42,2018/19
time:heidenheim,EUROPA,2023,D1,Heidenheim,34,1,D1,L1,mapeado,2036,2023/24
time:heidenheim,EUROPA,2024,D1,Heidenheim,34,1,D1,L1,mapeado,2036,2024/25
time:heidenheim,EUROPA,2025,D1,Heidenheim,34,1,D1,L1,mapeado,2036,2025/26
time:hercules,EUROPA,2010,SP1,Hercules,38,1,SP1,ES1,mapeado,,2010/11
time:hertha,EUROPA,2011,D1,Hertha,34,1,D1,L1,mapeado,44,2011/12
time:hertha,EUROPA,2013,D1,Hertha,34,1,D1,L1,mapeado,44,2013/14
time:hertha,EUROPA,2014,D1,Hertha,34,1,D1,L1,mapeado,44,2014/15
time:hertha,EUROPA,2015,D1,Hertha,34,1,D1,L1,mapeado,44,2015/16
time:hertha,EUROPA,2016,D1,Hertha,34,1,D1,L1,mapeado,44,2016/17
time:hertha,EUROPA,2017,D1,Hertha,34,1,D1,L1,mapeado,44,2017/18
time:hertha,EUROPA,2018,D1,Hertha,34,1,D1,L1,mapeado,44,2018/19
time:hertha,EUROPA,2022,D1,Hertha,34,1,D1,L1,mapeado,44,2022/23
time:hoffenheim,EUROPA,2010,D1,Hoffenheim,34,1,D1,L1,mapeado,533,2010/11
time:hoffenheim,EUROPA,2011,D1,Hoffenheim,34,1,D1,L1,mapeado,533,2011/12
time:hoffenheim,EUROPA,2012,D1,Hoffenheim,34,1,D1,L1,mapeado,533,2012/13
time:hoffenheim,EUROPA,2013,D1,Hoffenheim,34,1,D1,L1,mapeado,533,2013/14
time:hoffenheim,EUROPA,2014,D1,Hoffenheim,34,1,D1,L1,mapeado,533,2014/15
time:hoffenheim,EUROPA,2015,D1,Hoffenheim,34,1,D1,L1,mapeado,533,2015/16
time:hoffenheim,EUROPA,2016,D1,Hoffenheim,34,1,D1,L1,mapeado,533,2016/17
time:hoffenheim,EUROPA,2017,D1,Hoffenheim,34,1,D1,L1,mapeado,533,2017/18
time:hoffenheim,EUROPA,2018,D1,Hoffenheim,34,1,D1,L1,mapeado,533,2018/19
time:hoffenheim,EUROPA,2022,D1,Hoffenheim,34,1,D1,L1,mapeado,533,2022/23
time:hoffenheim,EUROPA,2023,D1,Hoffenheim,34,1,D1,L1,mapeado,533,2023/24
time:hoffenheim,EUROPA,2024,D1,Hoffenheim,34,1,D1,L1,mapeado,533,2024/25
time:hoffenheim,EUROPA,2025,D1,Hoffenheim,34,1,D1,L1,mapeado,533,2025/26
time:holstein_kiel,EUROPA,2024,D1,Holstein Kiel,34,1,D1,L1,mapeado,269,2024/25
time:huddersfield,EUROPA,2017,E0,Huddersfield,38,1,E0,GB1,mapeado,1110,2017/18
time:huddersfield,EUROPA,2018,E0,Huddersfield,38,1,E0,GB1,mapeado,1110,2018/19
time:huesca,EUROPA,2018,SP1,Huesca,38,1,SP1,ES1,mapeado,5358,2018/19
time:hull,EUROPA,2013,E0,Hull,38,1,E0,GB1,mapeado,3008,2013/14
time:hull,EUROPA,2014,E0,Hull,38,1,E0,GB1,mapeado,3008,2014/15
time:hull,EUROPA,2016,E0,Hull,38,1,E0,GB1,mapeado,3008,2016/17
time:ingolstadt,EUROPA,2015,D1,Ingolstadt,34,1,D1,L1,mapeado,4795,2015/16
time:ingolstadt,EUROPA,2016,D1,Ingolstadt,34,1,D1,L1,mapeado,4795,2016/17
time:inter,EUROPA,2010,I1,Inter,38,1,I1,IT1,mapeado,46,2010/11
time:inter,EUROPA,2011,I1,Inter,38,1,I1,IT1,mapeado,46,2011/12
time:inter,EUROPA,2012,I1,Inter,38,1,I1,IT1,mapeado,46,2012/13
time:inter,EUROPA,2013,I1,Inter,38,1,I1,IT1,mapeado,46,2013/14
time:inter,EUROPA,2014,I1,Inter,38,1,I1,IT1,mapeado,46,2014/15
time:inter,EUROPA,2015,I1,Inter,38,1,I1,IT1,mapeado,46,2015/16
time:inter,EUROPA,2016,I1,Inter,38,1,I1,IT1,mapeado,46,2016/17
time:inter,EUROPA,2017,I1,Inter,38,1,I1,IT1,mapeado,46,2017/18
time:inter,EUROPA,2018,I1,Inter,38,1,I1,IT1,mapeado,46,2018/19
time:inter,EUROPA,2022,I1,Inter,38,1,I1,IT1,mapeado,46,2022/23
time:inter,EUROPA,2023,I1,Inter,38,1,I1,IT1,mapeado,46,2023/24
time:inter,EUROPA,2024,I1,Inter,38,1,I1,IT1,mapeado,46,2024/25
time:inter,EUROPA,2025,I1,Inter,38,1,I1,IT1,mapeado,46,2025/26
time:internacional,BRA,2012,BRA,Internacional,38,1,BRA,BRA1,mapeado,6600,2012
time:internacional,BRA,2013,BRA,Internacional,38,1,BRA,BRA1,mapeado,6600,2013
time:internacional,BRA,2014,BRA,Internacional,38,1,BRA,BRA1,mapeado,6600,2014
time:internacional,BRA,2015,BRA,Internacional,38,1,BRA,BRA1,mapeado,6600,2015
time:internacional,BRA,2016,BRA,Internacional,38,1,BRA,BRA1,mapeado,6600,2016
time:internacional,BRA,2018,BRA,Internacional,38,1,BRA,BRA1,mapeado,6600,2018
time:internacional,BRA,2019,BRA,Internacional,38,1,BRA,BRA1,mapeado,6600,2019
time:internacional,BRA,2022,BRA,Internacional,38,1,BRA,BRA1,mapeado,6600,2022
time:internacional,BRA,2023,BRA,Internacional,38,1,BRA,BRA1,mapeado,6600,2023
time:ipswich,EUROPA,2024,E0,Ipswich,38,1,E0,GB1,mapeado,677,2024/25
time:joinville,BRA,2015,BRA,Joinville,38,1,BRA,BRA1,mapeado,,2015
time:juventude,BRA,2022,BRA,Juventude,38,1,BRA,BRA1,mapeado,10492,2022
time:juventus,EUROPA,2010,I1,Juventus,38,1,I1,IT1,mapeado,506,2010/11
time:juventus,EUROPA,2011,I1,Juventus,38,1,I1,IT1,mapeado,506,2011/12
time:juventus,EUROPA,2012,I1,Juventus,38,1,I1,IT1,mapeado,506,2012/13
time:juventus,EUROPA,2013,I1,Juventus,38,1,I1,IT1,mapeado,506,2013/14
time:juventus,EUROPA,2014,I1,Juventus,38,1,I1,IT1,mapeado,506,2014/15
time:juventus,EUROPA,2015,I1,Juventus,38,1,I1,IT1,mapeado,506,2015/16
time:juventus,EUROPA,2016,I1,Juventus,38,1,I1,IT1,mapeado,506,2016/17
time:juventus,EUROPA,2017,I1,Juventus,38,1,I1,IT1,mapeado,506,2017/18
time:juventus,EUROPA,2018,I1,Juventus,38,1,I1,IT1,mapeado,506,2018/19
time:juventus,EUROPA,2022,I1,Juventus,38,1,I1,IT1,mapeado,506,2022/23
time:juventus,EUROPA,2023,I1,Juventus,38,1,I1,IT1,mapeado,506,2023/24
time:juventus,EUROPA,2024,I1,Juventus,38,1,I1,IT1,mapeado,506,2024/25
time:juventus,EUROPA,2025,I1,Juventus,38,1,I1,IT1,mapeado,506,2025/26
time:kaiserslautern,EUROPA,2010,D1,Kaiserslautern,34,1,D1,L1,mapeado,,2010/11
time:kaiserslautern,EUROPA,2011,D1,Kaiserslautern,34,1,D1,L1,mapeado,,2011/12
time:la_coruna,EUROPA,2010,SP1,La Coruna,38,1,SP1,ES1,mapeado,897,2010/11
time:la_coruna,EUROPA,2012,SP1,La Coruna,38,1,SP1,ES1,mapeado,897,2012/13
time:la_coruna,EUROPA,2014,SP1,La Coruna,38,1,SP1,ES1,mapeado,897,2014/15
time:la_coruna,EUROPA,2015,SP1,La Coruna,38,1,SP1,ES1,mapeado,897,2015/16
time:la_coruna,EUROPA,2016,SP1,La Coruna,38,1,SP1,ES1,mapeado,897,2016/17
time:la_coruna,EUROPA,2017,SP1,La Coruna,38,1,SP1,ES1,mapeado,897,2017/18
time:las_palmas,EUROPA,2015,SP1,Las Palmas,38,1,SP1,ES1,mapeado,472,2015/16
time:las_palmas,EUROPA,2016,SP1,Las Palmas,38,1,SP1,ES1,mapeado,472,2016/17
time:las_palmas,EUROPA,2017,SP1,Las Palmas,38,1,SP1,ES1,mapeado,472,2017/18
time:las_palmas,EUROPA,2023,SP1,Las Palmas,38,1,SP1,ES1,mapeado,472,2023/24
time:las_palmas,EUROPA,2024,SP1,Las Palmas,38,1,SP1,ES1,mapeado,472,2024/25
time:lazio,EUROPA,2010,I1,Lazio,38,1,I1,IT1,mapeado,398,2010/11
time:lazio,EUROPA,2011,I1,Lazio,38,1,I1,IT1,mapeado,398,2011/12
time:lazio,EUROPA,2012,I1,Lazio,38,1,I1,IT1,mapeado,398,2012/13
time:lazio,EUROPA,2013,I1,Lazio,38,1,I1,IT1,mapeado,398,2013/14
time:lazio,EUROPA,2014,I1,Lazio,38,1,I1,IT1,mapeado,398,2014/15
time:lazio,EUROPA,2015,I1,Lazio,38,1,I1,IT1,mapeado,398,2015/16
time:lazio,EUROPA,2016,I1,Lazio,38,1,I1,IT1,mapeado,398,2016/17
time:lazio,EUROPA,2017,I1,Lazio,38,1,I1,IT1,mapeado,398,2017/18
time:lazio,EUROPA,2018,I1,Lazio,38,1,I1,IT1,mapeado,398,2018/19
time:lazio,EUROPA,2022,I1,Lazio,38,1,I1,IT1,mapeado,398,2022/23
time:lazio,EUROPA,2023,I1,Lazio,38,1,I1,IT1,mapeado,398,2023/24
time:lazio,EUROPA,2024,I1,Lazio,38,1,I1,IT1,mapeado,398,2024/25
time:lazio,EUROPA,2025,I1,Lazio,38,1,I1,IT1,mapeado,398,2025/26
time:le_havre,EUROPA,2023,F1,Le Havre,34,1,F1,FR1,mapeado,738,2023/24
time:le_havre,EUROPA,2024,F1,Le Havre,34,1,F1,FR1,mapeado,738,2024/25
time:le_havre,EUROPA,2025,F1,Le Havre,34,1,F1,FR1,mapeado,738,2025/26
time:lecce,EUROPA,2010,I1,Lecce,38,1,I1,IT1,mapeado,1005,2010/11
time:lecce,EUROPA,2011,I1,Lecce,38,1,I1,IT1,mapeado,1005,2011/12
time:lecce,EUROPA,2022,I1,Lecce,38,1,I1,IT1,mapeado,1005,2022/23
time:lecce,EUROPA,2023,I1,Lecce,38,1,I1,IT1,mapeado,1005,2023/24
time:lecce,EUROPA,2024,I1,Lecce,38,1,I1,IT1,mapeado,1005,2024/25
time:lecce,EUROPA,2025,I1,Lecce,38,1,I1,IT1,mapeado,1005,2025/26
time:leeds,EUROPA,2022,E0,Leeds,38,1,E0,GB1,mapeado,399,2022/23
time:leeds,EUROPA,2025,E0,Leeds,38,1,E0,GB1,mapeado,399,2025/26
time:leganes,EUROPA,2016,SP1,Leganes,38,1,SP1,ES1,mapeado,1244,2016/17
time:leganes,EUROPA,2017,SP1,Leganes,38,1,SP1,ES1,mapeado,1244,2017/18
time:leganes,EUROPA,2018,SP1,Leganes,38,1,SP1,ES1,mapeado,1244,2018/19
time:leganes,EUROPA,2024,SP1,Leganes,38,1,SP1,ES1,mapeado,1244,2024/25
time:leicester,EUROPA,2014,E0,Leicester,38,1,E0,GB1,mapeado,1003,2014/15
time:leicester,EUROPA,2015,E0,Leicester,38,1,E0,GB1,mapeado,1003,2015/16
time:leicester,EUROPA,2016,E0,Leicester,38,1,E0,GB1,mapeado,1003,2016/17
time:leicester,EUROPA,2017,E0,Leicester,38,1,E0,GB1,mapeado,1003,2017/18
time:leicester,EUROPA,2018,E0,Leicester,38,1,E0,GB1,mapeado,1003,2018/19
time:leicester,EUROPA,2022,E0,Leicester,38,1,E0,GB1,mapeado,1003,2022/23
time:leicester,EUROPA,2024,E0,Leicester,38,1,E0,GB1,mapeado,1003,2024/25
time:lens,EUROPA,2010,F1,Lens,38,1,F1,FR1,mapeado,826,2010/11
time:lens,EUROPA,2014,F1,Lens,38,1,F1,FR1,mapeado,826,2014/15
time:lens,EUROPA,2022,F1,Lens,38,1,F1,FR1,mapeado,826,2022/23
time:lens,EUROPA,2023,F1,Lens,34,1,F1,FR1,mapeado,826,2023/24
time:lens,EUROPA,2024,F1,Lens,34,1,F1,FR1,mapeado,826,2024/25
time:lens,EUROPA,2025,F1,Lens,34,1,F1,FR1,mapeado,826,2025/26
time:levante,EUROPA,2010,SP1,Levante,38,1,SP1,ES1,mapeado,3368,2010/11
time:levante,EUROPA,2011,SP1,Levante,38,1,SP1,ES1,mapeado,3368,2011/12
time:levante,EUROPA,2012,SP1,Levante,38,1,SP1,ES1,mapeado,3368,2012/13
time:levante,EUROPA,2013,SP1,Levante,38,1,SP1,ES1,mapeado,3368,2013/14
time:levante,EUROPA,2014,SP1,Levante,38,1,SP1,ES1,mapeado,3368,2014/15
time:levante,EUROPA,2015,SP1,Levante,38,1,SP1,ES1,mapeado,3368,2015/16
time:levante,EUROPA,2017,SP1,Levante,38,1,SP1,ES1,mapeado,3368,2017/18
time:levante,EUROPA,2018,SP1,Levante,38,1,SP1,ES1,mapeado,3368,2018/19
time:levante,EUROPA,2025,SP1,Levante,38,1,SP1,ES1,mapeado,3368,2025/26
time:leverkusen,EUROPA,2010,D1,Leverkusen,34,1,D1,L1,mapeado,15,2010/11
time:leverkusen,EUROPA,2011,D1,Leverkusen,34,1,D1,L1,mapeado,15,2011/12
time:leverkusen,EUROPA,2012,D1,Leverkusen,34,1,D1,L1,mapeado,15,2012/13
time:leverkusen,EUROPA,2013,D1,Leverkusen,34,1,D1,L1,mapeado,15,2013/14
time:leverkusen,EUROPA,2014,D1,Leverkusen,34,1,D1,L1,mapeado,15,2014/15
time:leverkusen,EUROPA,2015,D1,Leverkusen,34,1,D1,L1,mapeado,15,2015/16
time:leverkusen,EUROPA,2016,D1,Leverkusen,34,1,D1,L1,mapeado,15,2016/17
time:leverkusen,EUROPA,2017,D1,Leverkusen,34,1,D1,L1,mapeado,15,2017/18
time:leverkusen,EUROPA,2018,D1,Leverkusen,34,1,D1,L1,mapeado,15,2018/19
time:leverkusen,EUROPA,2022,D1,Leverkusen,34,1,D1,L1,mapeado,15,2022/23
time:leverkusen,EUROPA,2023,D1,Leverkusen,34,1,D1,L1,mapeado,15,2023/24
time:leverkusen,EUROPA,2024,D1,Leverkusen,34,1,D1,L1,mapeado,15,2024/25
time:leverkusen,EUROPA,2025,D1,Leverkusen,34,1,D1,L1,mapeado,15,2025/26
time:lille,EUROPA,2010,F1,Lille,38,1,F1,FR1,mapeado,1082,2010/11
time:lille,EUROPA,2011,F1,Lille,38,1,F1,FR1,mapeado,1082,2011/12
time:lille,EUROPA,2012,F1,Lille,38,1,F1,FR1,mapeado,1082,2012/13
time:lille,EUROPA,2013,F1,Lille,38,1,F1,FR1,mapeado,1082,2013/14
time:lille,EUROPA,2014,F1,Lille,38,1,F1,FR1,mapeado,1082,2014/15
time:lille,EUROPA,2015,F1,Lille,38,1,F1,FR1,mapeado,1082,2015/16
time:lille,EUROPA,2016,F1,Lille,38,1,F1,FR1,mapeado,1082,2016/17
time:lille,EUROPA,2017,F1,Lille,38,1,F1,FR1,mapeado,1082,2017/18
time:lille,EUROPA,2018,F1,Lille,38,1,F1,FR1,mapeado,1082,2018/19
time:lille,EUROPA,2022,F1,Lille,38,1,F1,FR1,mapeado,1082,2022/23
time:lille,EUROPA,2023,F1,Lille,34,1,F1,FR1,mapeado,1082,2023/24
time:lille,EUROPA,2024,F1,Lille,34,1,F1,FR1,mapeado,1082,2024/25
time:lille,EUROPA,2025,F1,Lille,34,1,F1,FR1,mapeado,1082,2025/26
time:liverpool,EUROPA,2010,E0,Liverpool,38,1,E0,GB1,mapeado,31,2010/11
time:liverpool,EUROPA,2011,E0,Liverpool,38,1,E0,GB1,mapeado,31,2011/12
time:liverpool,EUROPA,2012,E0,Liverpool,38,1,E0,GB1,mapeado,31,2012/13
time:liverpool,EUROPA,2013,E0,Liverpool,38,1,E0,GB1,mapeado,31,2013/14
time:liverpool,EUROPA,2014,E0,Liverpool,38,1,E0,GB1,mapeado,31,2014/15
time:liverpool,EUROPA,2015,E0,Liverpool,38,1,E0,GB1,mapeado,31,2015/16
time:liverpool,EUROPA,2016,E0,Liverpool,38,1,E0,GB1,mapeado,31,2016/17
time:liverpool,EUROPA,2017,E0,Liverpool,38,1,E0,GB1,mapeado,31,2017/18
time:liverpool,EUROPA,2018,E0,Liverpool,38,1,E0,GB1,mapeado,31,2018/19
time:liverpool,EUROPA,2022,E0,Liverpool,38,1,E0,GB1,mapeado,31,2022/23
time:liverpool,EUROPA,2023,E0,Liverpool,38,1,E0,GB1,mapeado,31,2023/24
time:liverpool,EUROPA,2024,E0,Liverpool,38,1,E0,GB1,mapeado,31,2024/25
time:liverpool,EUROPA,2025,E0,Liverpool,38,1,E0,GB1,mapeado,31,2025/26
time:livorno,EUROPA,2013,I1,Livorno,38,1,I1,IT1,mapeado,1210,2013/14
time:lorient,EUROPA,2010,F1,Lorient,38,1,F1,FR1,mapeado,1158,2010/11
time:lorient,EUROPA,2011,F1,Lorient,38,1,F1,FR1,mapeado,1158,2011/12
time:lorient,EUROPA,2012,F1,Lorient,38,1,F1,FR1,mapeado,1158,2012/13
time:lorient,EUROPA,2013,F1,Lorient,38,1,F1,FR1,mapeado,1158,2013/14
time:lorient,EUROPA,2014,F1,Lorient,38,1,F1,FR1,mapeado,1158,2014/15
time:lorient,EUROPA,2015,F1,Lorient,38,1,F1,FR1,mapeado,1158,2015/16
time:lorient,EUROPA,2016,F1,Lorient,38,1,F1,FR1,mapeado,1158,2016/17
time:lorient,EUROPA,2022,F1,Lorient,38,1,F1,FR1,mapeado,1158,2022/23
time:lorient,EUROPA,2023,F1,Lorient,34,1,F1,FR1,mapeado,1158,2023/24
time:lorient,EUROPA,2025,F1,Lorient,34,1,F1,FR1,mapeado,1158,2025/26
time:luton,EUROPA,2023,E0,Luton,38,1,E0,GB1,mapeado,1031,2023/24
time:lyon,EUROPA,2010,F1,Lyon,38,1,F1,FR1,mapeado,1041,2010/11
time:lyon,EUROPA,2011,F1,Lyon,38,1,F1,FR1,mapeado,1041,2011/12
time:lyon,EUROPA,2012,F1,Lyon,38,1,F1,FR1,mapeado,1041,2012/13
time:lyon,EUROPA,2013,F1,Lyon,38,1,F1,FR1,mapeado,1041,2013/14
time:lyon,EUROPA,2014,F1,Lyon,38,1,F1,FR1,mapeado,1041,2014/15
time:lyon,EUROPA,2015,F1,Lyon,38,1,F1,FR1,mapeado,1041,2015/16
time:lyon,EUROPA,2016,F1,Lyon,38,1,F1,FR1,mapeado,1041,2016/17
time:lyon,EUROPA,2017,F1,Lyon,38,1,F1,FR1,mapeado,1041,2017/18
time:lyon,EUROPA,2018,F1,Lyon,38,1,F1,FR1,mapeado,1041,2018/19
time:lyon,EUROPA,2022,F1,Lyon,38,1,F1,FR1,mapeado,1041,2022/23
time:lyon,EUROPA,2023,F1,Lyon,34,1,F1,FR1,mapeado,1041,2023/24
time:lyon,EUROPA,2024,F1,Lyon,34,1,F1,FR1,mapeado,1041,2024/25
time:lyon,EUROPA,2025,F1,Lyon,34,1,F1,FR1,mapeado,1041,2025/26
time:m_gladbach,EUROPA,2010,D1,MGladbach,34,1,D1,L1,mapeado,18,2010/11
time:m_gladbach,EUROPA,2011,D1,MGladbach,34,1,D1,L1,mapeado,18,2011/12
time:m_gladbach,EUROPA,2012,D1,MGladbach,34,1,D1,L1,mapeado,18,2012/13
time:m_gladbach,EUROPA,2013,D1,MGladbach,34,1,D1,L1,mapeado,18,2013/14
time:m_gladbach,EUROPA,2014,D1,MGladbach,34,1,D1,L1,mapeado,18,2014/15
time:m_gladbach,EUROPA,2015,D1,MGladbach,34,1,D1,L1,mapeado,18,2015/16
time:m_gladbach,EUROPA,2016,D1,MGladbach,34,1,D1,L1,mapeado,18,2016/17
time:m_gladbach,EUROPA,2017,D1,MGladbach,34,1,D1,L1,mapeado,18,2017/18
time:m_gladbach,EUROPA,2018,D1,MGladbach,34,1,D1,L1,mapeado,18,2018/19
time:m_gladbach,EUROPA,2022,D1,MGladbach,34,1,D1,L1,mapeado,18,2022/23
time:m_gladbach,EUROPA,2023,D1,MGladbach,34,1,D1,L1,mapeado,18,2023/24
time:m_gladbach,EUROPA,2024,D1,M'gladbach | MGladbach,34,1,D1,L1,mapeado,18,2024/25
time:m_gladbach,EUROPA,2025,D1,M'gladbach,34,1,D1,L1,mapeado,18,2025/26
time:mainz,EUROPA,2010,D1,Mainz,34,1,D1,L1,mapeado,39,2010/11
time:mainz,EUROPA,2011,D1,Mainz,34,1,D1,L1,mapeado,39,2011/12
time:mainz,EUROPA,2012,D1,Mainz,34,1,D1,L1,mapeado,39,2012/13
time:mainz,EUROPA,2013,D1,Mainz,34,1,D1,L1,mapeado,39,2013/14
time:mainz,EUROPA,2014,D1,Mainz,34,1,D1,L1,mapeado,39,2014/15
time:mainz,EUROPA,2015,D1,Mainz,34,1,D1,L1,mapeado,39,2015/16
time:mainz,EUROPA,2016,D1,Mainz,34,1,D1,L1,mapeado,39,2016/17
time:mainz,EUROPA,2017,D1,Mainz,34,1,D1,L1,mapeado,39,2017/18
time:mainz,EUROPA,2018,D1,Mainz,34,1,D1,L1,mapeado,39,2018/19
time:mainz,EUROPA,2022,D1,Mainz,34,1,D1,L1,mapeado,39,2022/23
time:mainz,EUROPA,2023,D1,Mainz,34,1,D1,L1,mapeado,39,2023/24
time:mainz,EUROPA,2024,D1,Mainz,34,1,D1,L1,mapeado,39,2024/25
time:mainz,EUROPA,2025,D1,Mainz,34,1,D1,L1,mapeado,39,2025/26
time:malaga,EUROPA,2010,SP1,Malaga,38,1,SP1,ES1,mapeado,1084,2010/11
time:malaga,EUROPA,2011,SP1,Malaga,38,1,SP1,ES1,mapeado,1084,2011/12
time:malaga,EUROPA,2012,SP1,Malaga,38,1,SP1,ES1,mapeado,1084,2012/13
time:malaga,EUROPA,2013,SP1,Malaga,38,1,SP1,ES1,mapeado,1084,2013/14
time:malaga,EUROPA,2014,SP1,Malaga,38,1,SP1,ES1,mapeado,1084,2014/15
time:malaga,EUROPA,2015,SP1,Malaga,38,1,SP1,ES1,mapeado,1084,2015/16
time:malaga,EUROPA,2016,SP1,Malaga,38,1,SP1,ES1,mapeado,1084,2016/17
time:malaga,EUROPA,2017,SP1,Malaga,38,1,SP1,ES1,mapeado,1084,2017/18
time:mallorca,EUROPA,2010,SP1,Mallorca,38,1,SP1,ES1,mapeado,237,2010/11
time:mallorca,EUROPA,2011,SP1,Mallorca,38,1,SP1,ES1,mapeado,237,2011/12
time:mallorca,EUROPA,2012,SP1,Mallorca,38,1,SP1,ES1,mapeado,237,2012/13
time:mallorca,EUROPA,2022,SP1,Mallorca,38,1,SP1,ES1,mapeado,237,2022/23
time:mallorca,EUROPA,2023,SP1,Mallorca,38,1,SP1,ES1,mapeado,237,2023/24
time:mallorca,EUROPA,2024,SP1,Mallorca,38,1,SP1,ES1,mapeado,237,2024/25
time:mallorca,EUROPA,2025,SP1,Mallorca,38,1,SP1,ES1,mapeado,237,2025/26
time:man_city,EUROPA,2010,E0,Man City,38,1,E0,GB1,mapeado,281,2010/11
time:man_city,EUROPA,2011,E0,Man City,38,1,E0,GB1,mapeado,281,2011/12
time:man_city,EUROPA,2012,E0,Man City,38,1,E0,GB1,mapeado,281,2012/13
time:man_city,EUROPA,2013,E0,Man City,38,1,E0,GB1,mapeado,281,2013/14
time:man_city,EUROPA,2014,E0,Man City,38,1,E0,GB1,mapeado,281,2014/15
time:man_city,EUROPA,2015,E0,Man City,38,1,E0,GB1,mapeado,281,2015/16
time:man_city,EUROPA,2016,E0,Man City,38,1,E0,GB1,mapeado,281,2016/17
time:man_city,EUROPA,2017,E0,Man City,38,1,E0,GB1,mapeado,281,2017/18
time:man_city,EUROPA,2018,E0,Man City,38,1,E0,GB1,mapeado,281,2018/19
time:man_city,EUROPA,2022,E0,Man City,38,1,E0,GB1,mapeado,281,2022/23
time:man_city,EUROPA,2023,E0,Man City,38,1,E0,GB1,mapeado,281,2023/24
time:man_city,EUROPA,2024,E0,Man City,38,1,E0,GB1,mapeado,281,2024/25
time:man_city,EUROPA,2025,E0,Man City,38,1,E0,GB1,mapeado,281,2025/26
time:man_united,EUROPA,2010,E0,Man United,38,1,E0,GB1,mapeado,985,2010/11
time:man_united,EUROPA,2011,E0,Man United,38,1,E0,GB1,mapeado,985,2011/12
time:man_united,EUROPA,2012,E0,Man United,38,1,E0,GB1,mapeado,985,2012/13
time:man_united,EUROPA,2013,E0,Man United,38,1,E0,GB1,mapeado,985,2013/14
time:man_united,EUROPA,2014,E0,Man United,38,1,E0,GB1,mapeado,985,2014/15
time:man_united,EUROPA,2015,E0,Man United,38,1,E0,GB1,mapeado,985,2015/16
time:man_united,EUROPA,2016,E0,Man United,38,1,E0,GB1,mapeado,985,2016/17
time:man_united,EUROPA,2017,E0,Man United,38,1,E0,GB1,mapeado,985,2017/18
time:man_united,EUROPA,2018,E0,Man United,38,1,E0,GB1,mapeado,985,2018/19
time:man_united,EUROPA,2022,E0,Man United,38,1,E0,GB1,mapeado,985,2022/23
time:man_united,EUROPA,2023,E0,Man United,38,1,E0,GB1,mapeado,985,2023/24
time:man_united,EUROPA,2024,E0,Man United,38,1,E0,GB1,mapeado,985,2024/25
time:man_united,EUROPA,2025,E0,Man United,38,1,E0,GB1,mapeado,985,2025/26
time:marseille,EUROPA,2010,F1,Marseille,38,1,F1,FR1,mapeado,244,2010/11
time:marseille,EUROPA,2011,F1,Marseille,38,1,F1,FR1,mapeado,244,2011/12
time:marseille,EUROPA,2012,F1,Marseille,38,1,F1,FR1,mapeado,244,2012/13
time:marseille,EUROPA,2013,F1,Marseille,38,1,F1,FR1,mapeado,244,2013/14
time:marseille,EUROPA,2014,F1,Marseille,38,1,F1,FR1,mapeado,244,2014/15
time:marseille,EUROPA,2015,F1,Marseille,38,1,F1,FR1,mapeado,244,2015/16
time:marseille,EUROPA,2016,F1,Marseille,38,1,F1,FR1,mapeado,244,2016/17
time:marseille,EUROPA,2017,F1,Marseille,38,1,F1,FR1,mapeado,244,2017/18
time:marseille,EUROPA,2018,F1,Marseille,38,1,F1,FR1,mapeado,244,2018/19
time:marseille,EUROPA,2022,F1,Marseille,38,1,F1,FR1,mapeado,244,2022/23
time:marseille,EUROPA,2023,F1,Marseille,34,1,F1,FR1,mapeado,244,2023/24
time:marseille,EUROPA,2024,F1,Marseille,34,1,F1,FR1,mapeado,244,2024/25
time:marseille,EUROPA,2025,F1,Marseille,34,1,F1,FR1,mapeado,244,2025/26
time:metz,EUROPA,2014,F1,Metz,38,1,F1,FR1,mapeado,347,2014/15
time:metz,EUROPA,2016,F1,Metz,38,1,F1,FR1,mapeado,347,2016/17
time:metz,EUROPA,2017,F1,Metz,38,1,F1,FR1,mapeado,347,2017/18
time:metz,EUROPA,2023,F1,Metz,34,1,F1,FR1,mapeado,347,2023/24
time:metz,EUROPA,2025,F1,Metz,34,1,F1,FR1,mapeado,347,2025/26
time:middlesbrough,EUROPA,2016,E0,Middlesbrough,38,1,E0,GB1,mapeado,641,2016/17
time:milan,EUROPA,2010,I1,Milan,38,1,I1,IT1,mapeado,5,2010/11
time:milan,EUROPA,2011,I1,Milan,38,1,I1,IT1,mapeado,5,2011/12
time:milan,EUROPA,2012,I1,Milan,38,1,I1,IT1,mapeado,5,2012/13
time:milan,EUROPA,2013,I1,Milan,38,1,I1,IT1,mapeado,5,2013/14
time:milan,EUROPA,2014,I1,Milan,38,1,I1,IT1,mapeado,5,2014/15
time:milan,EUROPA,2015,I1,Milan,38,1,I1,IT1,mapeado,5,2015/16
time:milan,EUROPA,2016,I1,Milan,38,1,I1,IT1,mapeado,5,2016/17
time:milan,EUROPA,2017,I1,Milan,38,1,I1,IT1,mapeado,5,2017/18
time:milan,EUROPA,2018,I1,Milan,38,1,I1,IT1,mapeado,5,2018/19
time:milan,EUROPA,2022,I1,Milan,38,1,I1,IT1,mapeado,5,2022/23
time:milan,EUROPA,2023,I1,Milan,38,1,I1,IT1,mapeado,5,2023/24
time:milan,EUROPA,2024,I1,Milan,38,1,I1,IT1,mapeado,5,2024/25
time:milan,EUROPA,2025,I1,Milan,38,1,I1,IT1,mapeado,5,2025/26
time:monaco,EUROPA,2010,F1,Monaco,38,1,F1,FR1,mapeado,162,2010/11
time:monaco,EUROPA,2013,F1,Monaco,38,1,F1,FR1,mapeado,162,2013/14
time:monaco,EUROPA,2014,F1,Monaco,38,1,F1,FR1,mapeado,162,2014/15
time:monaco,EUROPA,2015,F1,Monaco,38,1,F1,FR1,mapeado,162,2015/16
time:monaco,EUROPA,2016,F1,Monaco,38,1,F1,FR1,mapeado,162,2016/17
time:monaco,EUROPA,2017,F1,Monaco,38,1,F1,FR1,mapeado,162,2017/18
time:monaco,EUROPA,2018,F1,Monaco,38,1,F1,FR1,mapeado,162,2018/19
time:monaco,EUROPA,2022,F1,Monaco,38,1,F1,FR1,mapeado,162,2022/23
time:monaco,EUROPA,2023,F1,Monaco,34,1,F1,FR1,mapeado,162,2023/24
time:monaco,EUROPA,2024,F1,Monaco,34,1,F1,FR1,mapeado,162,2024/25
time:monaco,EUROPA,2025,F1,Monaco,34,1,F1,FR1,mapeado,162,2025/26
time:montpellier,EUROPA,2010,F1,Montpellier,38,1,F1,FR1,mapeado,969,2010/11
time:montpellier,EUROPA,2011,F1,Montpellier,38,1,F1,FR1,mapeado,969,2011/12
time:montpellier,EUROPA,2012,F1,Montpellier,38,1,F1,FR1,mapeado,969,2012/13
time:montpellier,EUROPA,2013,F1,Montpellier,38,1,F1,FR1,mapeado,969,2013/14
time:montpellier,EUROPA,2014,F1,Montpellier,38,1,F1,FR1,mapeado,969,2014/15
time:montpellier,EUROPA,2015,F1,Montpellier,38,1,F1,FR1,mapeado,969,2015/16
time:montpellier,EUROPA,2016,F1,Montpellier,38,1,F1,FR1,mapeado,969,2016/17
time:montpellier,EUROPA,2017,F1,Montpellier,38,1,F1,FR1,mapeado,969,2017/18
time:montpellier,EUROPA,2018,F1,Montpellier,38,1,F1,FR1,mapeado,969,2018/19
time:montpellier,EUROPA,2022,F1,Montpellier,38,1,F1,FR1,mapeado,969,2022/23
time:montpellier,EUROPA,2023,F1,Montpellier,34,1,F1,FR1,mapeado,969,2023/24
time:montpellier,EUROPA,2024,F1,Montpellier,34,1,F1,FR1,mapeado,969,2024/25
time:monza,EUROPA,2022,I1,Monza,38,1,I1,IT1,mapeado,2919,2022/23
time:monza,EUROPA,2023,I1,Monza,38,1,I1,IT1,mapeado,2919,2023/24
time:monza,EUROPA,2024,I1,Monza,38,1,I1,IT1,mapeado,2919,2024/25
time:nancy,EUROPA,2010,F1,Nancy,38,1,F1,FR1,mapeado,,2010/11
time:nancy,EUROPA,2011,F1,Nancy,38,1,F1,FR1,mapeado,,2011/12
time:nancy,EUROPA,2012,F1,Nancy,38,1,F1,FR1,mapeado,,2012/13
time:nancy,EUROPA,2016,F1,Nancy,38,1,F1,FR1,mapeado,,2016/17
time:nantes,EUROPA,2013,F1,Nantes,38,1,F1,FR1,mapeado,995,2013/14
time:nantes,EUROPA,2014,F1,Nantes,38,1,F1,FR1,mapeado,995,2014/15
time:nantes,EUROPA,2015,F1,Nantes,38,1,F1,FR1,mapeado,995,2015/16
time:nantes,EUROPA,2016,F1,Nantes,38,1,F1,FR1,mapeado,995,2016/17
time:nantes,EUROPA,2017,F1,Nantes,38,1,F1,FR1,mapeado,995,2017/18
time:nantes,EUROPA,2018,F1,Nantes,38,1,F1,FR1,mapeado,995,2018/19
time:nantes,EUROPA,2022,F1,Nantes,38,1,F1,FR1,mapeado,995,2022/23
time:nantes,EUROPA,2023,F1,Nantes,34,1,F1,FR1,mapeado,995,2023/24
time:nantes,EUROPA,2024,F1,Nantes,34,1,F1,FR1,mapeado,995,2024/25
time:nantes,EUROPA,2025,F1,Nantes,34,1,F1,FR1,mapeado,995,2025/26
time:napoli,EUROPA,2010,I1,Napoli,38,1,I1,IT1,mapeado,6195,2010/11
time:napoli,EUROPA,2011,I1,Napoli,38,1,I1,IT1,mapeado,6195,2011/12
time:napoli,EUROPA,2012,I1,Napoli,38,1,I1,IT1,mapeado,6195,2012/13
time:napoli,EUROPA,2013,I1,Napoli,38,1,I1,IT1,mapeado,6195,2013/14
time:napoli,EUROPA,2014,I1,Napoli,38,1,I1,IT1,mapeado,6195,2014/15
time:napoli,EUROPA,2015,I1,Napoli,38,1,I1,IT1,mapeado,6195,2015/16
time:napoli,EUROPA,2016,I1,Napoli,38,1,I1,IT1,mapeado,6195,2016/17
time:napoli,EUROPA,2017,I1,Napoli,38,1,I1,IT1,mapeado,6195,2017/18
time:napoli,EUROPA,2018,I1,Napoli,38,1,I1,IT1,mapeado,6195,2018/19
time:napoli,EUROPA,2022,I1,Napoli,38,1,I1,IT1,mapeado,6195,2022/23
time:napoli,EUROPA,2023,I1,Napoli,38,1,I1,IT1,mapeado,6195,2023/24
time:napoli,EUROPA,2024,I1,Napoli,38,1,I1,IT1,mapeado,6195,2024/25
time:napoli,EUROPA,2025,I1,Napoli,38,1,I1,IT1,mapeado,6195,2025/26
time:nautico,BRA,2012,BRA,Nautico,38,1,BRA,BRA1,mapeado,,2012
time:nautico,BRA,2013,BRA,Nautico,38,1,BRA,BRA1,mapeado,,2013
time:newcastle,EUROPA,2010,E0,Newcastle,38,1,E0,GB1,mapeado,762,2010/11
time:newcastle,EUROPA,2011,E0,Newcastle,38,1,E0,GB1,mapeado,762,2011/12
time:newcastle,EUROPA,2012,E0,Newcastle,38,1,E0,GB1,mapeado,762,2012/13
time:newcastle,EUROPA,2013,E0,Newcastle,38,1,E0,GB1,mapeado,762,2013/14
time:newcastle,EUROPA,2014,E0,Newcastle,38,1,E0,GB1,mapeado,762,2014/15
time:newcastle,EUROPA,2015,E0,Newcastle,38,1,E0,GB1,mapeado,762,2015/16
time:newcastle,EUROPA,2017,E0,Newcastle,38,1,E0,GB1,mapeado,762,2017/18
time:newcastle,EUROPA,2018,E0,Newcastle,38,1,E0,GB1,mapeado,762,2018/19
time:newcastle,EUROPA,2022,E0,Newcastle,38,1,E0,GB1,mapeado,762,2022/23
time:newcastle,EUROPA,2023,E0,Newcastle,38,1,E0,GB1,mapeado,762,2023/24
time:newcastle,EUROPA,2024,E0,Newcastle,38,1,E0,GB1,mapeado,762,2024/25
time:newcastle,EUROPA,2025,E0,Newcastle,38,1,E0,GB1,mapeado,762,2025/26
time:nice,EUROPA,2010,F1,Nice,38,1,F1,FR1,mapeado,417,2010/11
time:nice,EUROPA,2011,F1,Nice,38,1,F1,FR1,mapeado,417,2011/12
time:nice,EUROPA,2012,F1,Nice,38,1,F1,FR1,mapeado,417,2012/13
time:nice,EUROPA,2013,F1,Nice,38,1,F1,FR1,mapeado,417,2013/14
time:nice,EUROPA,2014,F1,Nice,38,1,F1,FR1,mapeado,417,2014/15
time:nice,EUROPA,2015,F1,Nice,38,1,F1,FR1,mapeado,417,2015/16
time:nice,EUROPA,2016,F1,Nice,38,1,F1,FR1,mapeado,417,2016/17
time:nice,EUROPA,2017,F1,Nice,38,1,F1,FR1,mapeado,417,2017/18
time:nice,EUROPA,2018,F1,Nice,38,1,F1,FR1,mapeado,417,2018/19
time:nice,EUROPA,2022,F1,Nice,38,1,F1,FR1,mapeado,417,2022/23
time:nice,EUROPA,2023,F1,Nice,34,1,F1,FR1,mapeado,417,2023/24
time:nice,EUROPA,2024,F1,Nice,34,1,F1,FR1,mapeado,417,2024/25
time:nice,EUROPA,2025,F1,Nice,34,1,F1,FR1,mapeado,417,2025/26
time:nimes,EUROPA,2018,F1,Nimes,38,1,F1,FR1,mapeado,,2018/19
time:norwich,EUROPA,2011,E0,Norwich,38,1,E0,GB1,mapeado,1123,2011/12
time:norwich,EUROPA,2012,E0,Norwich,38,1,E0,GB1,mapeado,1123,2012/13
time:norwich,EUROPA,2013,E0,Norwich,38,1,E0,GB1,mapeado,1123,2013/14
time:norwich,EUROPA,2015,E0,Norwich,38,1,E0,GB1,mapeado,1123,2015/16
time:nott_m_forest,EUROPA,2022,E0,Nottm Forest,38,1,E0,GB1,mapeado,703,2022/23
time:nott_m_forest,EUROPA,2023,E0,Nottm Forest,38,1,E0,GB1,mapeado,703,2023/24
time:nott_m_forest,EUROPA,2024,E0,Nott'm Forest | Nottm Forest,38,1,E0,GB1,mapeado,703,2024/25
time:nott_m_forest,EUROPA,2025,E0,Nott'm Forest,38,1,E0,GB1,mapeado,703,2025/26
time:novara,EUROPA,2011,I1,Novara,38,1,I1,IT1,mapeado,,2011/12
time:nurnberg,EUROPA,2010,D1,Nurnberg,34,1,D1,L1,mapeado,4,2010/11
time:nurnberg,EUROPA,2011,D1,Nurnberg,34,1,D1,L1,mapeado,4,2011/12
time:nurnberg,EUROPA,2012,D1,Nurnberg,34,1,D1,L1,mapeado,4,2012/13
time:nurnberg,EUROPA,2013,D1,Nurnberg,34,1,D1,L1,mapeado,4,2013/14
time:nurnberg,EUROPA,2018,D1,Nurnberg,34,1,D1,L1,mapeado,4,2018/19
time:osasuna,EUROPA,2010,SP1,Osasuna,38,1,SP1,ES1,mapeado,331,2010/11
time:osasuna,EUROPA,2011,SP1,Osasuna,38,1,SP1,ES1,mapeado,331,2011/12
time:osasuna,EUROPA,2012,SP1,Osasuna,38,1,SP1,ES1,mapeado,331,2012/13
time:osasuna,EUROPA,2013,SP1,Osasuna,38,1,SP1,ES1,mapeado,331,2013/14
time:osasuna,EUROPA,2016,SP1,Osasuna,38,1,SP1,ES1,mapeado,331,2016/17
time:osasuna,EUROPA,2022,SP1,Osasuna,38,1,SP1,ES1,mapeado,331,2022/23
time:osasuna,EUROPA,2023,SP1,Osasuna,38,1,SP1,ES1,mapeado,331,2023/24
time:osasuna,EUROPA,2024,SP1,Osasuna,38,1,SP1,ES1,mapeado,331,2024/25
time:osasuna,EUROPA,2025,SP1,Osasuna,38,1,SP1,ES1,mapeado,331,2025/26
time:oviedo,EUROPA,2025,SP1,Oviedo,38,1,SP1,ES1,mapeado,2497,2025/26
time:paderborn,EUROPA,2014,D1,Paderborn,34,1,D1,L1,mapeado,127,2014/15
time:palermo,EUROPA,2010,I1,Palermo,38,1,I1,IT1,mapeado,458,2010/11
time:palermo,EUROPA,2011,I1,Palermo,38,1,I1,IT1,mapeado,458,2011/12
time:palermo,EUROPA,2012,I1,Palermo,38,1,I1,IT1,mapeado,458,2012/13
time:palermo,EUROPA,2014,I1,Palermo,38,1,I1,IT1,mapeado,458,2014/15
time:palermo,EUROPA,2015,I1,Palermo,38,1,I1,IT1,mapeado,458,2015/16
time:palermo,EUROPA,2016,I1,Palermo,38,1,I1,IT1,mapeado,458,2016/17
time:palmeiras,BRA,2012,BRA,Palmeiras,38,1,BRA,BRA1,mapeado,1023,2012
time:palmeiras,BRA,2014,BRA,Palmeiras,38,1,BRA,BRA1,mapeado,1023,2014
time:palmeiras,BRA,2015,BRA,Palmeiras,38,1,BRA,BRA1,mapeado,1023,2015
time:palmeiras,BRA,2016,BRA,Palmeiras,38,1,BRA,BRA1,mapeado,1023,2016
time:palmeiras,BRA,2017,BRA,Palmeiras,38,1,BRA,BRA1,mapeado,1023,2017
time:palmeiras,BRA,2018,BRA,Palmeiras,38,1,BRA,BRA1,mapeado,1023,2018
time:palmeiras,BRA,2019,BRA,Palmeiras,38,1,BRA,BRA1,mapeado,1023,2019
time:palmeiras,BRA,2022,BRA,Palmeiras,38,1,BRA,BRA1,mapeado,1023,2022
time:palmeiras,BRA,2023,BRA,Palmeiras,38,1,BRA,BRA1,mapeado,1023,2023
time:parana,BRA,2018,BRA,Parana,38,1,BRA,BRA1,mapeado,,2018
time:paris_fc,EUROPA,2025,F1,Paris FC,34,1,F1,FR1,mapeado,10004,2025/26
time:paris_sg,EUROPA,2010,F1,Paris SG,38,1,F1,FR1,mapeado,583,2010/11
time:paris_sg,EUROPA,2011,F1,Paris SG,38,1,F1,FR1,mapeado,583,2011/12
time:paris_sg,EUROPA,2012,F1,Paris SG,38,1,F1,FR1,mapeado,583,2012/13
time:paris_sg,EUROPA,2013,F1,Paris SG,38,1,F1,FR1,mapeado,583,2013/14
time:paris_sg,EUROPA,2014,F1,Paris SG,38,1,F1,FR1,mapeado,583,2014/15
time:paris_sg,EUROPA,2015,F1,Paris SG,38,1,F1,FR1,mapeado,583,2015/16
time:paris_sg,EUROPA,2016,F1,Paris SG,38,1,F1,FR1,mapeado,583,2016/17
time:paris_sg,EUROPA,2017,F1,Paris SG,38,1,F1,FR1,mapeado,583,2017/18
time:paris_sg,EUROPA,2018,F1,Paris SG,38,1,F1,FR1,mapeado,583,2018/19
time:paris_sg,EUROPA,2022,F1,Paris SG,38,1,F1,FR1,mapeado,583,2022/23
time:paris_sg,EUROPA,2023,F1,Paris SG,34,1,F1,FR1,mapeado,583,2023/24
time:paris_sg,EUROPA,2024,F1,Paris SG,34,1,F1,FR1,mapeado,583,2024/25
time:paris_sg,EUROPA,2025,F1,Paris SG,34,1,F1,FR1,mapeado,583,2025/26
time:parma,EUROPA,2010,I1,Parma,38,1,I1,IT1,mapeado,130,2010/11
time:parma,EUROPA,2011,I1,Parma,38,1,I1,IT1,mapeado,130,2011/12
time:parma,EUROPA,2012,I1,Parma,38,1,I1,IT1,mapeado,130,2012/13
time:parma,EUROPA,2013,I1,Parma,38,1,I1,IT1,mapeado,130,2013/14
time:parma,EUROPA,2014,I1,Parma,38,1,I1,IT1,mapeado,130,2014/15
time:parma,EUROPA,2018,I1,Parma,38,1,I1,IT1,mapeado,130,2018/19
time:parma,EUROPA,2024,I1,Parma,38,1,I1,IT1,mapeado,130,2024/25
time:parma,EUROPA,2025,I1,Parma,38,1,I1,IT1,mapeado,130,2025/26
time:pescara,EUROPA,2012,I1,Pescara,38,1,I1,IT1,mapeado,2921,2012/13
time:pescara,EUROPA,2016,I1,Pescara,38,1,I1,IT1,mapeado,2921,2016/17
time:pisa,EUROPA,2025,I1,Pisa,38,1,I1,IT1,mapeado,4172,2025/26
time:ponte_preta,BRA,2012,BRA,Ponte Preta,38,1,BRA,BRA1,mapeado,,2012
time:ponte_preta,BRA,2013,BRA,Ponte Preta,38,1,BRA,BRA1,mapeado,,2013
time:ponte_preta,BRA,2015,BRA,Ponte Preta,38,1,BRA,BRA1,mapeado,,2015
time:ponte_preta,BRA,2016,BRA,Ponte Preta,38,1,BRA,BRA1,mapeado,,2016
time:ponte_preta,BRA,2017,BRA,Ponte Preta,38,1,BRA,BRA1,mapeado,,2017
time:portuguesa,BRA,2012,BRA,Portuguesa,38,1,BRA,BRA1,mapeado,,2012
time:portuguesa,BRA,2013,BRA,Portuguesa,38,1,BRA,BRA1,mapeado,,2013
time:qpr,EUROPA,2011,E0,QPR,38,1,E0,GB1,mapeado,1039,2011/12
time:qpr,EUROPA,2012,E0,QPR,38,1,E0,GB1,mapeado,1039,2012/13
time:qpr,EUROPA,2014,E0,QPR,38,1,E0,GB1,mapeado,1039,2014/15
time:rb_leipzig,EUROPA,2016,D1,RB Leipzig,34,1,D1,L1,mapeado,23826,2016/17
time:rb_leipzig,EUROPA,2017,D1,RB Leipzig,34,1,D1,L1,mapeado,23826,2017/18
time:rb_leipzig,EUROPA,2018,D1,RB Leipzig,34,1,D1,L1,mapeado,23826,2018/19
time:rb_leipzig,EUROPA,2022,D1,RB Leipzig,34,1,D1,L1,mapeado,23826,2022/23
time:rb_leipzig,EUROPA,2023,D1,RB Leipzig,34,1,D1,L1,mapeado,23826,2023/24
time:rb_leipzig,EUROPA,2024,D1,RB Leipzig,34,1,D1,L1,mapeado,23826,2024/25
time:rb_leipzig,EUROPA,2025,D1,RB Leipzig,34,1,D1,L1,mapeado,23826,2025/26
time:reading,EUROPA,2012,E0,Reading,38,1,E0,GB1,mapeado,1032,2012/13
time:real_madrid,EUROPA,2010,SP1,Real Madrid,38,1,SP1,ES1,mapeado,418,2010/11
time:real_madrid,EUROPA,2011,SP1,Real Madrid,38,1,SP1,ES1,mapeado,418,2011/12
time:real_madrid,EUROPA,2012,SP1,Real Madrid,38,1,SP1,ES1,mapeado,418,2012/13
time:real_madrid,EUROPA,2013,SP1,Real Madrid,38,1,SP1,ES1,mapeado,418,2013/14
time:real_madrid,EUROPA,2014,SP1,Real Madrid,38,1,SP1,ES1,mapeado,418,2014/15
time:real_madrid,EUROPA,2015,SP1,Real Madrid,38,1,SP1,ES1,mapeado,418,2015/16
time:real_madrid,EUROPA,2016,SP1,Real Madrid,38,1,SP1,ES1,mapeado,418,2016/17
time:real_madrid,EUROPA,2017,SP1,Real Madrid,38,1,SP1,ES1,mapeado,418,2017/18
time:real_madrid,EUROPA,2018,SP1,Real Madrid,38,1,SP1,ES1,mapeado,418,2018/19
time:real_madrid,EUROPA,2022,SP1,Real Madrid,38,1,SP1,ES1,mapeado,418,2022/23
time:real_madrid,EUROPA,2023,SP1,Real Madrid,38,1,SP1,ES1,mapeado,418,2023/24
time:real_madrid,EUROPA,2024,SP1,Real Madrid,38,1,SP1,ES1,mapeado,418,2024/25
time:real_madrid,EUROPA,2025,SP1,Real Madrid,38,1,SP1,ES1,mapeado,418,2025/26
time:reims,EUROPA,2012,F1,Reims,38,1,F1,FR1,mapeado,1421,2012/13
time:reims,EUROPA,2013,F1,Reims,38,1,F1,FR1,mapeado,1421,2013/14
time:reims,EUROPA,2014,F1,Reims,38,1,F1,FR1,mapeado,1421,2014/15
time:reims,EUROPA,2015,F1,Reims,38,1,F1,FR1,mapeado,1421,2015/16
time:reims,EUROPA,2018,F1,Reims,38,1,F1,FR1,mapeado,1421,2018/19
time:reims,EUROPA,2022,F1,Reims,38,1,F1,FR1,mapeado,1421,2022/23
time:reims,EUROPA,2023,F1,Reims,34,1,F1,FR1,mapeado,1421,2023/24
time:reims,EUROPA,2024,F1,Reims,34,1,F1,FR1,mapeado,1421,2024/25
time:rennes,EUROPA,2010,F1,Rennes,38,1,F1,FR1,mapeado,273,2010/11
time:rennes,EUROPA,2011,F1,Rennes,38,1,F1,FR1,mapeado,273,2011/12
time:rennes,EUROPA,2012,F1,Rennes,38,1,F1,FR1,mapeado,273,2012/13
time:rennes,EUROPA,2013,F1,Rennes,38,1,F1,FR1,mapeado,273,2013/14
time:rennes,EUROPA,2014,F1,Rennes,38,1,F1,FR1,mapeado,273,2014/15
time:rennes,EUROPA,2015,F1,Rennes,38,1,F1,FR1,mapeado,273,2015/16
time:rennes,EUROPA,2016,F1,Rennes,38,1,F1,FR1,mapeado,273,2016/17
time:rennes,EUROPA,2017,F1,Rennes,38,1,F1,FR1,mapeado,273,2017/18
time:rennes,EUROPA,2018,F1,Rennes,38,1,F1,FR1,mapeado,273,2018/19
time:rennes,EUROPA,2022,F1,Rennes,38,1,F1,FR1,mapeado,273,2022/23
time:rennes,EUROPA,2023,F1,Rennes,34,1,F1,FR1,mapeado,273,2023/24
time:rennes,EUROPA,2024,F1,Rennes,34,1,F1,FR1,mapeado,273,2024/25
time:rennes,EUROPA,2025,F1,Rennes,34,1,F1,FR1,mapeado,273,2025/26
time:roma,EUROPA,2010,I1,Roma,38,1,I1,IT1,mapeado,12,2010/11
time:roma,EUROPA,2011,I1,Roma,38,1,I1,IT1,mapeado,12,2011/12
time:roma,EUROPA,2012,I1,Roma,38,1,I1,IT1,mapeado,12,2012/13
time:roma,EUROPA,2013,I1,Roma,38,1,I1,IT1,mapeado,12,2013/14
time:roma,EUROPA,2014,I1,Roma,38,1,I1,IT1,mapeado,12,2014/15
time:roma,EUROPA,2015,I1,Roma,38,1,I1,IT1,mapeado,12,2015/16
time:roma,EUROPA,2016,I1,Roma,38,1,I1,IT1,mapeado,12,2016/17
time:roma,EUROPA,2017,I1,Roma,38,1,I1,IT1,mapeado,12,2017/18
time:roma,EUROPA,2018,I1,Roma,38,1,I1,IT1,mapeado,12,2018/19
time:roma,EUROPA,2022,I1,Roma,38,1,I1,IT1,mapeado,12,2022/23
time:roma,EUROPA,2023,I1,Roma,38,1,I1,IT1,mapeado,12,2023/24
time:roma,EUROPA,2024,I1,Roma,38,1,I1,IT1,mapeado,12,2024/25
time:roma,EUROPA,2025,I1,Roma,38,1,I1,IT1,mapeado,12,2025/26
time:salernitana,EUROPA,2022,I1,Salernitana,38,1,I1,IT1,mapeado,380,2022/23
time:salernitana,EUROPA,2023,I1,Salernitana,38,1,I1,IT1,mapeado,380,2023/24
time:sampdoria,EUROPA,2010,I1,Sampdoria,38,1,I1,IT1,mapeado,1038,2010/11
time:sampdoria,EUROPA,2012,I1,Sampdoria,38,1,I1,IT1,mapeado,1038,2012/13
time:sampdoria,EUROPA,2013,I1,Sampdoria,38,1,I1,IT1,mapeado,1038,2013/14
time:sampdoria,EUROPA,2014,I1,Sampdoria,38,1,I1,IT1,mapeado,1038,2014/15
time:sampdoria,EUROPA,2015,I1,Sampdoria,38,1,I1,IT1,mapeado,1038,2015/16
time:sampdoria,EUROPA,2016,I1,Sampdoria,38,1,I1,IT1,mapeado,1038,2016/17
time:sampdoria,EUROPA,2017,I1,Sampdoria,38,1,I1,IT1,mapeado,1038,2017/18
time:sampdoria,EUROPA,2018,I1,Sampdoria,38,1,I1,IT1,mapeado,1038,2018/19
time:sampdoria,EUROPA,2022,I1,Sampdoria,38,1,I1,IT1,mapeado,1038,2022/23
time:santa_cruz,BRA,2016,BRA,Santa Cruz,38,1,BRA,BRA1,mapeado,,2016
time:santander,EUROPA,2010,SP1,Santander,38,1,SP1,ES1,mapeado,,2010/11
time:santander,EUROPA,2011,SP1,Santander,38,1,SP1,ES1,mapeado,,2011/12
time:santos,BRA,2012,BRA,Santos,38,1,BRA,BRA1,mapeado,221,2012
time:santos,BRA,2013,BRA,Santos,38,1,BRA,BRA1,mapeado,221,2013
time:santos,BRA,2014,BRA,Santos,38,1,BRA,BRA1,mapeado,221,2014
time:santos,BRA,2015,BRA,Santos,38,1,BRA,BRA1,mapeado,221,2015
time:santos,BRA,2016,BRA,Santos,38,1,BRA,BRA1,mapeado,221,2016
time:santos,BRA,2017,BRA,Santos,38,1,BRA,BRA1,mapeado,221,2017
time:santos,BRA,2018,BRA,Santos,38,1,BRA,BRA1,mapeado,221,2018
time:santos,BRA,2019,BRA,Santos,38,1,BRA,BRA1,mapeado,221,2019
time:santos,BRA,2022,BRA,Santos,38,1,BRA,BRA1,mapeado,221,2022
time:santos,BRA,2023,BRA,Santos,38,1,BRA,BRA1,mapeado,221,2023
time:sao_paulo,BRA,2012,BRA,Sao Paulo,38,1,BRA,BRA1,mapeado,585,2012
time:sao_paulo,BRA,2013,BRA,Sao Paulo,38,1,BRA,BRA1,mapeado,585,2013
time:sao_paulo,BRA,2014,BRA,Sao Paulo,38,1,BRA,BRA1,mapeado,585,2014
time:sao_paulo,BRA,2015,BRA,Sao Paulo,38,1,BRA,BRA1,mapeado,585,2015
time:sao_paulo,BRA,2016,BRA,Sao Paulo,38,1,BRA,BRA1,mapeado,585,2016
time:sao_paulo,BRA,2017,BRA,Sao Paulo,38,1,BRA,BRA1,mapeado,585,2017
time:sao_paulo,BRA,2018,BRA,Sao Paulo,38,1,BRA,BRA1,mapeado,585,2018
time:sao_paulo,BRA,2019,BRA,Sao Paulo,38,1,BRA,BRA1,mapeado,585,2019
time:sao_paulo,BRA,2022,BRA,Sao Paulo,38,1,BRA,BRA1,mapeado,585,2022
time:sao_paulo,BRA,2023,BRA,Sao Paulo,38,1,BRA,BRA1,mapeado,585,2023
time:sassuolo,EUROPA,2013,I1,Sassuolo,38,1,I1,IT1,mapeado,6574,2013/14
time:sassuolo,EUROPA,2014,I1,Sassuolo,38,1,I1,IT1,mapeado,6574,2014/15
time:sassuolo,EUROPA,2015,I1,Sassuolo,38,1,I1,IT1,mapeado,6574,2015/16
time:sassuolo,EUROPA,2016,I1,Sassuolo,38,1,I1,IT1,mapeado,6574,2016/17
time:sassuolo,EUROPA,2017,I1,Sassuolo,38,1,I1,IT1,mapeado,6574,2017/18
time:sassuolo,EUROPA,2018,I1,Sassuolo,38,1,I1,IT1,mapeado,6574,2018/19
time:sassuolo,EUROPA,2022,I1,Sassuolo,38,1,I1,IT1,mapeado,6574,2022/23
time:sassuolo,EUROPA,2023,I1,Sassuolo,38,1,I1,IT1,mapeado,6574,2023/24
time:sassuolo,EUROPA,2025,I1,Sassuolo,38,1,I1,IT1,mapeado,6574,2025/26
time:schalke_04,EUROPA,2010,D1,Schalke 04,34,1,D1,L1,mapeado,33,2010/11
time:schalke_04,EUROPA,2011,D1,Schalke 04,34,1,D1,L1,mapeado,33,2011/12
time:schalke_04,EUROPA,2012,D1,Schalke 04,34,1,D1,L1,mapeado,33,2012/13
time:schalke_04,EUROPA,2013,D1,Schalke 04,34,1,D1,L1,mapeado,33,2013/14
time:schalke_04,EUROPA,2014,D1,Schalke 04,34,1,D1,L1,mapeado,33,2014/15
time:schalke_04,EUROPA,2015,D1,Schalke 04,34,1,D1,L1,mapeado,33,2015/16
time:schalke_04,EUROPA,2016,D1,Schalke 04,34,1,D1,L1,mapeado,33,2016/17
time:schalke_04,EUROPA,2017,D1,Schalke 04,34,1,D1,L1,mapeado,33,2017/18
time:schalke_04,EUROPA,2018,D1,Schalke 04,34,1,D1,L1,mapeado,33,2018/19
time:schalke_04,EUROPA,2022,D1,Schalke 04,34,1,D1,L1,mapeado,33,2022/23
time:sevilla,EUROPA,2010,SP1,Sevilla,38,1,SP1,ES1,mapeado,368,2010/11
time:sevilla,EUROPA,2011,SP1,Sevilla,38,1,SP1,ES1,mapeado,368,2011/12
time:sevilla,EUROPA,2012,SP1,Sevilla,38,1,SP1,ES1,mapeado,368,2012/13
time:sevilla,EUROPA,2013,SP1,Sevilla,38,1,SP1,ES1,mapeado,368,2013/14
time:sevilla,EUROPA,2014,SP1,Sevilla,38,1,SP1,ES1,mapeado,368,2014/15
time:sevilla,EUROPA,2015,SP1,Sevilla,38,1,SP1,ES1,mapeado,368,2015/16
time:sevilla,EUROPA,2016,SP1,Sevilla,38,1,SP1,ES1,mapeado,368,2016/17
time:sevilla,EUROPA,2017,SP1,Sevilla,38,1,SP1,ES1,mapeado,368,2017/18
time:sevilla,EUROPA,2018,SP1,Sevilla,38,1,SP1,ES1,mapeado,368,2018/19
time:sevilla,EUROPA,2022,SP1,Sevilla,38,1,SP1,ES1,mapeado,368,2022/23
time:sevilla,EUROPA,2023,SP1,Sevilla,38,1,SP1,ES1,mapeado,368,2023/24
time:sevilla,EUROPA,2024,SP1,Sevilla,38,1,SP1,ES1,mapeado,368,2024/25
time:sevilla,EUROPA,2025,SP1,Sevilla,38,1,SP1,ES1,mapeado,368,2025/26
time:sheffield_united,EUROPA,2023,E0,Sheffield United,38,1,E0,GB1,mapeado,350,2023/24
time:siena,EUROPA,2011,I1,Siena,38,1,I1,IT1,mapeado,1387,2011/12
time:siena,EUROPA,2012,I1,Siena,38,1,I1,IT1,mapeado,1387,2012/13
time:sochaux,EUROPA,2010,F1,Sochaux,38,1,F1,FR1,mapeado,750,2010/11
time:sochaux,EUROPA,2011,F1,Sochaux,38,1,F1,FR1,mapeado,750,2011/12
time:sochaux,EUROPA,2012,F1,Sochaux,38,1,F1,FR1,mapeado,750,2012/13
time:sochaux,EUROPA,2013,F1,Sochaux,38,1,F1,FR1,mapeado,750,2013/14
time:sociedad,EUROPA,2010,SP1,Sociedad,38,1,SP1,ES1,mapeado,681,2010/11
time:sociedad,EUROPA,2011,SP1,Sociedad,38,1,SP1,ES1,mapeado,681,2011/12
time:sociedad,EUROPA,2012,SP1,Sociedad,38,1,SP1,ES1,mapeado,681,2012/13
time:sociedad,EUROPA,2013,SP1,Sociedad,38,1,SP1,ES1,mapeado,681,2013/14
time:sociedad,EUROPA,2014,SP1,Sociedad,38,1,SP1,ES1,mapeado,681,2014/15
time:sociedad,EUROPA,2015,SP1,Sociedad,38,1,SP1,ES1,mapeado,681,2015/16
time:sociedad,EUROPA,2016,SP1,Sociedad,38,1,SP1,ES1,mapeado,681,2016/17
time:sociedad,EUROPA,2017,SP1,Sociedad,38,1,SP1,ES1,mapeado,681,2017/18
time:sociedad,EUROPA,2018,SP1,Sociedad,38,1,SP1,ES1,mapeado,681,2018/19
time:sociedad,EUROPA,2022,SP1,Sociedad,38,1,SP1,ES1,mapeado,681,2022/23
time:sociedad,EUROPA,2023,SP1,Sociedad,38,1,SP1,ES1,mapeado,681,2023/24
time:sociedad,EUROPA,2024,SP1,Sociedad,38,1,SP1,ES1,mapeado,681,2024/25
time:sociedad,EUROPA,2025,SP1,Sociedad,38,1,SP1,ES1,mapeado,681,2025/26
time:southampton,EUROPA,2012,E0,Southampton,38,1,E0,GB1,mapeado,180,2012/13
time:southampton,EUROPA,2013,E0,Southampton,38,1,E0,GB1,mapeado,180,2013/14
time:southampton,EUROPA,2014,E0,Southampton,38,1,E0,GB1,mapeado,180,2014/15
time:southampton,EUROPA,2015,E0,Southampton,38,1,E0,GB1,mapeado,180,2015/16
time:southampton,EUROPA,2016,E0,Southampton,38,1,E0,GB1,mapeado,180,2016/17
time:southampton,EUROPA,2017,E0,Southampton,38,1,E0,GB1,mapeado,180,2017/18
time:southampton,EUROPA,2018,E0,Southampton,38,1,E0,GB1,mapeado,180,2018/19
time:southampton,EUROPA,2022,E0,Southampton,38,1,E0,GB1,mapeado,180,2022/23
time:southampton,EUROPA,2024,E0,Southampton,38,1,E0,GB1,mapeado,180,2024/25
time:sp_gijon,EUROPA,2010,SP1,Sp Gijon,38,1,SP1,ES1,mapeado,2448,2010/11
time:sp_gijon,EUROPA,2011,SP1,Sp Gijon,38,1,SP1,ES1,mapeado,2448,2011/12
time:sp_gijon,EUROPA,2015,SP1,Sp Gijon,38,1,SP1,ES1,mapeado,2448,2015/16
time:sp_gijon,EUROPA,2016,SP1,Sp Gijon,38,1,SP1,ES1,mapeado,2448,2016/17
time:spal,EUROPA,2017,I1,Spal,38,1,I1,IT1,mapeado,2722,2017/18
time:spal,EUROPA,2018,I1,Spal,38,1,I1,IT1,mapeado,2722,2018/19
time:spezia,EUROPA,2022,I1,Spezia,38,1,I1,IT1,mapeado,3522,2022/23
time:sport_recife,BRA,2012,BRA,Sport Recife,38,1,BRA,BRA1,mapeado,8718,2012
time:sport_recife,BRA,2014,BRA,Sport Recife,38,1,BRA,BRA1,mapeado,8718,2014
time:sport_recife,BRA,2015,BRA,Sport Recife,38,1,BRA,BRA1,mapeado,8718,2015
time:sport_recife,BRA,2016,BRA,Sport Recife,38,1,BRA,BRA1,mapeado,8718,2016
time:sport_recife,BRA,2017,BRA,Sport Recife,38,1,BRA,BRA1,mapeado,8718,2017
time:sport_recife,BRA,2018,BRA,Sport Recife,38,1,BRA,BRA1,mapeado,8718,2018
time:st_etienne,EUROPA,2010,F1,St Etienne,38,1,F1,FR1,mapeado,618,2010/11
time:st_etienne,EUROPA,2011,F1,St Etienne,38,1,F1,FR1,mapeado,618,2011/12
time:st_etienne,EUROPA,2012,F1,St Etienne,38,1,F1,FR1,mapeado,618,2012/13
time:st_etienne,EUROPA,2013,F1,St Etienne,38,1,F1,FR1,mapeado,618,2013/14
time:st_etienne,EUROPA,2014,F1,St Etienne,38,1,F1,FR1,mapeado,618,2014/15
time:st_etienne,EUROPA,2015,F1,St Etienne,38,1,F1,FR1,mapeado,618,2015/16
time:st_etienne,EUROPA,2016,F1,St Etienne,38,1,F1,FR1,mapeado,618,2016/17
time:st_etienne,EUROPA,2017,F1,St Etienne,38,1,F1,FR1,mapeado,618,2017/18
time:st_etienne,EUROPA,2018,F1,St Etienne,38,1,F1,FR1,mapeado,618,2018/19
time:st_etienne,EUROPA,2024,F1,St Etienne,34,1,F1,FR1,mapeado,618,2024/25
time:st_pauli,EUROPA,2010,D1,St Pauli,34,1,D1,L1,mapeado,35,2010/11
time:st_pauli,EUROPA,2024,D1,St Pauli,34,1,D1,L1,mapeado,35,2024/25
time:st_pauli,EUROPA,2025,D1,St Pauli,34,1,D1,L1,mapeado,35,2025/26
time:stoke,EUROPA,2010,E0,Stoke,38,1,E0,GB1,mapeado,512,2010/11
time:stoke,EUROPA,2011,E0,Stoke,38,1,E0,GB1,mapeado,512,2011/12
time:stoke,EUROPA,2012,E0,Stoke,38,1,E0,GB1,mapeado,512,2012/13
time:stoke,EUROPA,2013,E0,Stoke,38,1,E0,GB1,mapeado,512,2013/14
time:stoke,EUROPA,2014,E0,Stoke,38,1,E0,GB1,mapeado,512,2014/15
time:stoke,EUROPA,2015,E0,Stoke,38,1,E0,GB1,mapeado,512,2015/16
time:stoke,EUROPA,2016,E0,Stoke,38,1,E0,GB1,mapeado,512,2016/17
time:stoke,EUROPA,2017,E0,Stoke,38,1,E0,GB1,mapeado,512,2017/18
time:strasbourg,EUROPA,2017,F1,Strasbourg,38,1,F1,FR1,mapeado,667,2017/18
time:strasbourg,EUROPA,2018,F1,Strasbourg,38,1,F1,FR1,mapeado,667,2018/19
time:strasbourg,EUROPA,2022,F1,Strasbourg,38,1,F1,FR1,mapeado,667,2022/23
time:strasbourg,EUROPA,2023,F1,Strasbourg,34,1,F1,FR1,mapeado,667,2023/24
time:strasbourg,EUROPA,2024,F1,Strasbourg,34,1,F1,FR1,mapeado,667,2024/25
time:strasbourg,EUROPA,2025,F1,Strasbourg,34,1,F1,FR1,mapeado,667,2025/26
time:stuttgart,EUROPA,2010,D1,Stuttgart,34,1,D1,L1,mapeado,79,2010/11
time:stuttgart,EUROPA,2011,D1,Stuttgart,34,1,D1,L1,mapeado,79,2011/12
time:stuttgart,EUROPA,2012,D1,Stuttgart,34,1,D1,L1,mapeado,79,2012/13
time:stuttgart,EUROPA,2013,D1,Stuttgart,34,1,D1,L1,mapeado,79,2013/14
time:stuttgart,EUROPA,2014,D1,Stuttgart,34,1,D1,L1,mapeado,79,2014/15
time:stuttgart,EUROPA,2015,D1,Stuttgart,34,1,D1,L1,mapeado,79,2015/16
time:stuttgart,EUROPA,2017,D1,Stuttgart,34,1,D1,L1,mapeado,79,2017/18
time:stuttgart,EUROPA,2018,D1,Stuttgart,34,1,D1,L1,mapeado,79,2018/19
time:stuttgart,EUROPA,2022,D1,Stuttgart,34,1,D1,L1,mapeado,79,2022/23
time:stuttgart,EUROPA,2023,D1,Stuttgart,34,1,D1,L1,mapeado,79,2023/24
time:stuttgart,EUROPA,2024,D1,Stuttgart,34,1,D1,L1,mapeado,79,2024/25
time:stuttgart,EUROPA,2025,D1,Stuttgart,34,1,D1,L1,mapeado,79,2025/26
time:sunderland,EUROPA,2010,E0,Sunderland,38,1,E0,GB1,mapeado,289,2010/11
time:sunderland,EUROPA,2011,E0,Sunderland,38,1,E0,GB1,mapeado,289,2011/12
time:sunderland,EUROPA,2012,E0,Sunderland,38,1,E0,GB1,mapeado,289,2012/13
time:sunderland,EUROPA,2013,E0,Sunderland,38,1,E0,GB1,mapeado,289,2013/14
time:sunderland,EUROPA,2014,E0,Sunderland,38,1,E0,GB1,mapeado,289,2014/15
time:sunderland,EUROPA,2015,E0,Sunderland,38,1,E0,GB1,mapeado,289,2015/16
time:sunderland,EUROPA,2016,E0,Sunderland,38,1,E0,GB1,mapeado,289,2016/17
time:sunderland,EUROPA,2025,E0,Sunderland,38,1,E0,GB1,mapeado,289,2025/26
time:swansea,EUROPA,2011,E0,Swansea,38,1,E0,GB1,mapeado,2288,2011/12
time:swansea,EUROPA,2012,E0,Swansea,38,1,E0,GB1,mapeado,2288,2012/13
time:swansea,EUROPA,2013,E0,Swansea,38,1,E0,GB1,mapeado,2288,2013/14
time:swansea,EUROPA,2014,E0,Swansea,38,1,E0,GB1,mapeado,2288,2014/15
time:swansea,EUROPA,2015,E0,Swansea,38,1,E0,GB1,mapeado,2288,2015/16
time:swansea,EUROPA,2016,E0,Swansea,38,1,E0,GB1,mapeado,2288,2016/17
time:swansea,EUROPA,2017,E0,Swansea,38,1,E0,GB1,mapeado,2288,2017/18
time:torino,EUROPA,2012,I1,Torino,38,1,I1,IT1,mapeado,416,2012/13
time:torino,EUROPA,2013,I1,Torino,38,1,I1,IT1,mapeado,416,2013/14
time:torino,EUROPA,2014,I1,Torino,38,1,I1,IT1,mapeado,416,2014/15
time:torino,EUROPA,2015,I1,Torino,38,1,I1,IT1,mapeado,416,2015/16
time:torino,EUROPA,2016,I1,Torino,38,1,I1,IT1,mapeado,416,2016/17
time:torino,EUROPA,2017,I1,Torino,38,1,I1,IT1,mapeado,416,2017/18
time:torino,EUROPA,2018,I1,Torino,38,1,I1,IT1,mapeado,416,2018/19
time:torino,EUROPA,2022,I1,Torino,38,1,I1,IT1,mapeado,416,2022/23
time:torino,EUROPA,2023,I1,Torino,38,1,I1,IT1,mapeado,416,2023/24
time:torino,EUROPA,2024,I1,Torino,38,1,I1,IT1,mapeado,416,2024/25
time:torino,EUROPA,2025,I1,Torino,38,1,I1,IT1,mapeado,416,2025/26
time:tottenham,EUROPA,2010,E0,Tottenham,38,1,E0,GB1,mapeado,148,2010/11
time:tottenham,EUROPA,2011,E0,Tottenham,38,1,E0,GB1,mapeado,148,2011/12
time:tottenham,EUROPA,2012,E0,Tottenham,38,1,E0,GB1,mapeado,148,2012/13
time:tottenham,EUROPA,2013,E0,Tottenham,38,1,E0,GB1,mapeado,148,2013/14
time:tottenham,EUROPA,2014,E0,Tottenham,38,1,E0,GB1,mapeado,148,2014/15
time:tottenham,EUROPA,2015,E0,Tottenham,38,1,E0,GB1,mapeado,148,2015/16
time:tottenham,EUROPA,2016,E0,Tottenham,38,1,E0,GB1,mapeado,148,2016/17
time:tottenham,EUROPA,2017,E0,Tottenham,38,1,E0,GB1,mapeado,148,2017/18
time:tottenham,EUROPA,2018,E0,Tottenham,38,1,E0,GB1,mapeado,148,2018/19
time:tottenham,EUROPA,2022,E0,Tottenham,38,1,E0,GB1,mapeado,148,2022/23
time:tottenham,EUROPA,2023,E0,Tottenham,38,1,E0,GB1,mapeado,148,2023/24
time:tottenham,EUROPA,2024,E0,Tottenham,38,1,E0,GB1,mapeado,148,2024/25
time:tottenham,EUROPA,2025,E0,Tottenham,38,1,E0,GB1,mapeado,148,2025/26
time:toulouse,EUROPA,2010,F1,Toulouse,38,1,F1,FR1,mapeado,415,2010/11
time:toulouse,EUROPA,2011,F1,Toulouse,38,1,F1,FR1,mapeado,415,2011/12
time:toulouse,EUROPA,2012,F1,Toulouse,38,1,F1,FR1,mapeado,415,2012/13
time:toulouse,EUROPA,2013,F1,Toulouse,38,1,F1,FR1,mapeado,415,2013/14
time:toulouse,EUROPA,2014,F1,Toulouse,38,1,F1,FR1,mapeado,415,2014/15
time:toulouse,EUROPA,2015,F1,Toulouse,38,1,F1,FR1,mapeado,415,2015/16
time:toulouse,EUROPA,2016,F1,Toulouse,38,1,F1,FR1,mapeado,415,2016/17
time:toulouse,EUROPA,2017,F1,Toulouse,38,1,F1,FR1,mapeado,415,2017/18
time:toulouse,EUROPA,2018,F1,Toulouse,38,1,F1,FR1,mapeado,415,2018/19
time:toulouse,EUROPA,2022,F1,Toulouse,38,1,F1,FR1,mapeado,415,2022/23
time:toulouse,EUROPA,2023,F1,Toulouse,34,1,F1,FR1,mapeado,415,2023/24
time:toulouse,EUROPA,2024,F1,Toulouse,34,1,F1,FR1,mapeado,415,2024/25
time:toulouse,EUROPA,2025,F1,Toulouse,34,1,F1,FR1,mapeado,415,2025/26
time:troyes,EUROPA,2012,F1,Troyes,38,1,F1,FR1,mapeado,1095,2012/13
time:troyes,EUROPA,2015,F1,Troyes,38,1,F1,FR1,mapeado,1095,2015/16
time:troyes,EUROPA,2017,F1,Troyes,38,1,F1,FR1,mapeado,1095,2017/18
time:troyes,EUROPA,2022,F1,Troyes,38,1,F1,FR1,mapeado,1095,2022/23
time:udinese,EUROPA,2010,I1,Udinese,38,1,I1,IT1,mapeado,410,2010/11
time:udinese,EUROPA,2011,I1,Udinese,38,1,I1,IT1,mapeado,410,2011/12
time:udinese,EUROPA,2012,I1,Udinese,38,1,I1,IT1,mapeado,410,2012/13
time:udinese,EUROPA,2013,I1,Udinese,38,1,I1,IT1,mapeado,410,2013/14
time:udinese,EUROPA,2014,I1,Udinese,38,1,I1,IT1,mapeado,410,2014/15
time:udinese,EUROPA,2015,I1,Udinese,38,1,I1,IT1,mapeado,410,2015/16
time:udinese,EUROPA,2016,I1,Udinese,38,1,I1,IT1,mapeado,410,2016/17
time:udinese,EUROPA,2017,I1,Udinese,38,1,I1,IT1,mapeado,410,2017/18
time:udinese,EUROPA,2018,I1,Udinese,38,1,I1,IT1,mapeado,410,2018/19
time:udinese,EUROPA,2022,I1,Udinese,38,1,I1,IT1,mapeado,410,2022/23
time:udinese,EUROPA,2023,I1,Udinese,38,1,I1,IT1,mapeado,410,2023/24
time:udinese,EUROPA,2024,I1,Udinese,38,1,I1,IT1,mapeado,410,2024/25
time:udinese,EUROPA,2025,I1,Udinese,38,1,I1,IT1,mapeado,410,2025/26
time:union_berlin,EUROPA,2022,D1,Union Berlin,34,1,D1,L1,mapeado,89,2022/23
time:union_berlin,EUROPA,2023,D1,Union Berlin,34,1,D1,L1,mapeado,89,2023/24
time:union_berlin,EUROPA,2024,D1,Union Berlin,34,1,D1,L1,mapeado,89,2024/25
time:union_berlin,EUROPA,2025,D1,Union Berlin,34,1,D1,L1,mapeado,89,2025/26
time:valencia,EUROPA,2010,SP1,Valencia,38,1,SP1,ES1,mapeado,1049,2010/11
time:valencia,EUROPA,2011,SP1,Valencia,38,1,SP1,ES1,mapeado,1049,2011/12
time:valencia,EUROPA,2012,SP1,Valencia,38,1,SP1,ES1,mapeado,1049,2012/13
time:valencia,EUROPA,2013,SP1,Valencia,38,1,SP1,ES1,mapeado,1049,2013/14
time:valencia,EUROPA,2014,SP1,Valencia,38,1,SP1,ES1,mapeado,1049,2014/15
time:valencia,EUROPA,2015,SP1,Valencia,38,1,SP1,ES1,mapeado,1049,2015/16
time:valencia,EUROPA,2016,SP1,Valencia,38,1,SP1,ES1,mapeado,1049,2016/17
time:valencia,EUROPA,2017,SP1,Valencia,38,1,SP1,ES1,mapeado,1049,2017/18
time:valencia,EUROPA,2018,SP1,Valencia,38,1,SP1,ES1,mapeado,1049,2018/19
time:valencia,EUROPA,2022,SP1,Valencia,38,1,SP1,ES1,mapeado,1049,2022/23
time:valencia,EUROPA,2023,SP1,Valencia,38,1,SP1,ES1,mapeado,1049,2023/24
time:valencia,EUROPA,2024,SP1,Valencia,38,1,SP1,ES1,mapeado,1049,2024/25
time:valencia,EUROPA,2025,SP1,Valencia,38,1,SP1,ES1,mapeado,1049,2025/26
time:valenciennes,EUROPA,2010,F1,Valenciennes,38,1,F1,FR1,mapeado,1423,2010/11
time:valenciennes,EUROPA,2011,F1,Valenciennes,38,1,F1,FR1,mapeado,1423,2011/12
time:valenciennes,EUROPA,2012,F1,Valenciennes,38,1,F1,FR1,mapeado,1423,2012/13
time:valenciennes,EUROPA,2013,F1,Valenciennes,38,1,F1,FR1,mapeado,1423,2013/14
time:valladolid,EUROPA,2012,SP1,Valladolid,38,1,SP1,ES1,mapeado,366,2012/13
time:valladolid,EUROPA,2013,SP1,Valladolid,38,1,SP1,ES1,mapeado,366,2013/14
time:valladolid,EUROPA,2018,SP1,Valladolid,38,1,SP1,ES1,mapeado,366,2018/19
time:valladolid,EUROPA,2022,SP1,Valladolid,38,1,SP1,ES1,mapeado,366,2022/23
time:valladolid,EUROPA,2024,SP1,Valladolid,38,1,SP1,ES1,mapeado,366,2024/25
time:vallecano,EUROPA,2011,SP1,Vallecano,38,1,SP1,ES1,mapeado,367,2011/12
time:vallecano,EUROPA,2012,SP1,Vallecano,38,1,SP1,ES1,mapeado,367,2012/13
time:vallecano,EUROPA,2013,SP1,Vallecano,38,1,SP1,ES1,mapeado,367,2013/14
time:vallecano,EUROPA,2014,SP1,Vallecano,38,1,SP1,ES1,mapeado,367,2014/15
time:vallecano,EUROPA,2015,SP1,Vallecano,38,1,SP1,ES1,mapeado,367,2015/16
time:vallecano,EUROPA,2018,SP1,Vallecano,38,1,SP1,ES1,mapeado,367,2018/19
time:vallecano,EUROPA,2022,SP1,Vallecano,38,1,SP1,ES1,mapeado,367,2022/23
time:vallecano,EUROPA,2023,SP1,Vallecano,38,1,SP1,ES1,mapeado,367,2023/24
time:vallecano,EUROPA,2024,SP1,Vallecano,38,1,SP1,ES1,mapeado,367,2024/25
time:vallecano,EUROPA,2025,SP1,Vallecano,38,1,SP1,ES1,mapeado,367,2025/26
time:vasco,BRA,2012,BRA,Vasco,38,1,BRA,BRA1,mapeado,978,2012
time:vasco,BRA,2013,BRA,Vasco,38,1,BRA,BRA1,mapeado,978,2013
time:vasco,BRA,2015,BRA,Vasco,38,1,BRA,BRA1,mapeado,978,2015
time:vasco,BRA,2017,BRA,Vasco,38,1,BRA,BRA1,mapeado,978,2017
time:vasco,BRA,2018,BRA,Vasco,38,1,BRA,BRA1,mapeado,978,2018
time:vasco,BRA,2019,BRA,Vasco,38,1,BRA,BRA1,mapeado,978,2019
time:vasco,BRA,2023,BRA,Vasco,38,1,BRA,BRA1,mapeado,978,2023
time:venezia,EUROPA,2024,I1,Venezia,38,1,I1,IT1,mapeado,607,2024/25
time:verona,EUROPA,2013,I1,Verona,38,1,I1,IT1,mapeado,276,2013/14
time:verona,EUROPA,2014,I1,Verona,38,1,I1,IT1,mapeado,276,2014/15
time:verona,EUROPA,2015,I1,Verona,38,1,I1,IT1,mapeado,276,2015/16
time:verona,EUROPA,2017,I1,Verona,38,1,I1,IT1,mapeado,276,2017/18
time:verona,EUROPA,2022,I1,Verona,38,1,I1,IT1,mapeado,276,2022/23
time:verona,EUROPA,2023,I1,Verona,38,1,I1,IT1,mapeado,276,2023/24
time:verona,EUROPA,2024,I1,Verona,38,1,I1,IT1,mapeado,276,2024/25
time:verona,EUROPA,2025,I1,Verona,38,1,I1,IT1,mapeado,276,2025/26
time:villarreal,EUROPA,2010,SP1,Villarreal,38,1,SP1,ES1,mapeado,1050,2010/11
time:villarreal,EUROPA,2011,SP1,Villarreal,38,1,SP1,ES1,mapeado,1050,2011/12
time:villarreal,EUROPA,2013,SP1,Villarreal,38,1,SP1,ES1,mapeado,1050,2013/14
time:villarreal,EUROPA,2014,SP1,Villarreal,38,1,SP1,ES1,mapeado,1050,2014/15
time:villarreal,EUROPA,2015,SP1,Villarreal,38,1,SP1,ES1,mapeado,1050,2015/16
time:villarreal,EUROPA,2016,SP1,Villarreal,38,1,SP1,ES1,mapeado,1050,2016/17
time:villarreal,EUROPA,2017,SP1,Villarreal,38,1,SP1,ES1,mapeado,1050,2017/18
time:villarreal,EUROPA,2018,SP1,Villarreal,38,1,SP1,ES1,mapeado,1050,2018/19
time:villarreal,EUROPA,2022,SP1,Villarreal,38,1,SP1,ES1,mapeado,1050,2022/23
time:villarreal,EUROPA,2023,SP1,Villarreal,38,1,SP1,ES1,mapeado,1050,2023/24
time:villarreal,EUROPA,2024,SP1,Villarreal,38,1,SP1,ES1,mapeado,1050,2024/25
time:villarreal,EUROPA,2025,SP1,Villarreal,38,1,SP1,ES1,mapeado,1050,2025/26
time:vitoria,BRA,2013,BRA,Vitoria,38,1,BRA,BRA1,mapeado,2125,2013
time:vitoria,BRA,2014,BRA,Vitoria,38,1,BRA,BRA1,mapeado,2125,2014
time:vitoria,BRA,2016,BRA,Vitoria,38,1,BRA,BRA1,mapeado,2125,2016
time:vitoria,BRA,2017,BRA,Vitoria,38,1,BRA,BRA1,mapeado,2125,2017
time:vitoria,BRA,2018,BRA,Vitoria,38,1,BRA,BRA1,mapeado,2125,2018
time:watford,EUROPA,2015,E0,Watford,38,1,E0,GB1,mapeado,1010,2015/16
time:watford,EUROPA,2016,E0,Watford,38,1,E0,GB1,mapeado,1010,2016/17
time:watford,EUROPA,2017,E0,Watford,38,1,E0,GB1,mapeado,1010,2017/18
time:watford,EUROPA,2018,E0,Watford,38,1,E0,GB1,mapeado,1010,2018/19
time:werder_bremen,EUROPA,2010,D1,Werder Bremen,34,1,D1,L1,mapeado,86,2010/11
time:werder_bremen,EUROPA,2011,D1,Werder Bremen,34,1,D1,L1,mapeado,86,2011/12
time:werder_bremen,EUROPA,2012,D1,Werder Bremen,34,1,D1,L1,mapeado,86,2012/13
time:werder_bremen,EUROPA,2013,D1,Werder Bremen,34,1,D1,L1,mapeado,86,2013/14
time:werder_bremen,EUROPA,2014,D1,Werder Bremen,34,1,D1,L1,mapeado,86,2014/15
time:werder_bremen,EUROPA,2015,D1,Werder Bremen,34,1,D1,L1,mapeado,86,2015/16
time:werder_bremen,EUROPA,2016,D1,Werder Bremen,34,1,D1,L1,mapeado,86,2016/17
time:werder_bremen,EUROPA,2017,D1,Werder Bremen,34,1,D1,L1,mapeado,86,2017/18
time:werder_bremen,EUROPA,2018,D1,Werder Bremen,34,1,D1,L1,mapeado,86,2018/19
time:werder_bremen,EUROPA,2022,D1,Werder Bremen,34,1,D1,L1,mapeado,86,2022/23
time:werder_bremen,EUROPA,2023,D1,Werder Bremen,34,1,D1,L1,mapeado,86,2023/24
time:werder_bremen,EUROPA,2024,D1,Werder Bremen,34,1,D1,L1,mapeado,86,2024/25
time:werder_bremen,EUROPA,2025,D1,Werder Bremen,34,1,D1,L1,mapeado,86,2025/26
time:west_brom,EUROPA,2010,E0,West Brom,38,1,E0,GB1,mapeado,984,2010/11
time:west_brom,EUROPA,2011,E0,West Brom,38,1,E0,GB1,mapeado,984,2011/12
time:west_brom,EUROPA,2012,E0,West Brom,38,1,E0,GB1,mapeado,984,2012/13
time:west_brom,EUROPA,2013,E0,West Brom,38,1,E0,GB1,mapeado,984,2013/14
time:west_brom,EUROPA,2014,E0,West Brom,38,1,E0,GB1,mapeado,984,2014/15
time:west_brom,EUROPA,2015,E0,West Brom,38,1,E0,GB1,mapeado,984,2015/16
time:west_brom,EUROPA,2016,E0,West Brom,38,1,E0,GB1,mapeado,984,2016/17
time:west_brom,EUROPA,2017,E0,West Brom,38,1,E0,GB1,mapeado,984,2017/18
time:west_ham,EUROPA,2010,E0,West Ham,38,1,E0,GB1,mapeado,379,2010/11
time:west_ham,EUROPA,2012,E0,West Ham,38,1,E0,GB1,mapeado,379,2012/13
time:west_ham,EUROPA,2013,E0,West Ham,38,1,E0,GB1,mapeado,379,2013/14
time:west_ham,EUROPA,2014,E0,West Ham,38,1,E0,GB1,mapeado,379,2014/15
time:west_ham,EUROPA,2015,E0,West Ham,38,1,E0,GB1,mapeado,379,2015/16
time:west_ham,EUROPA,2016,E0,West Ham,38,1,E0,GB1,mapeado,379,2016/17
time:west_ham,EUROPA,2017,E0,West Ham,38,1,E0,GB1,mapeado,379,2017/18
time:west_ham,EUROPA,2018,E0,West Ham,38,1,E0,GB1,mapeado,379,2018/19
time:west_ham,EUROPA,2022,E0,West Ham,38,1,E0,GB1,mapeado,379,2022/23
time:west_ham,EUROPA,2023,E0,West Ham,38,1,E0,GB1,mapeado,379,2023/24
time:west_ham,EUROPA,2024,E0,West Ham,38,1,E0,GB1,mapeado,379,2024/25
time:west_ham,EUROPA,2025,E0,West Ham,38,1,E0,GB1,mapeado,379,2025/26
time:wigan,EUROPA,2010,E0,Wigan,38,1,E0,GB1,mapeado,1071,2010/11
time:wigan,EUROPA,2011,E0,Wigan,38,1,E0,GB1,mapeado,1071,2011/12
time:wigan,EUROPA,2012,E0,Wigan,38,1,E0,GB1,mapeado,1071,2012/13
time:wolfsburg,EUROPA,2010,D1,Wolfsburg,34,1,D1,L1,mapeado,82,2010/11
time:wolfsburg,EUROPA,2011,D1,Wolfsburg,34,1,D1,L1,mapeado,82,2011/12
time:wolfsburg,EUROPA,2012,D1,Wolfsburg,34,1,D1,L1,mapeado,82,2012/13
time:wolfsburg,EUROPA,2013,D1,Wolfsburg,34,1,D1,L1,mapeado,82,2013/14
time:wolfsburg,EUROPA,2014,D1,Wolfsburg,34,1,D1,L1,mapeado,82,2014/15
time:wolfsburg,EUROPA,2015,D1,Wolfsburg,34,1,D1,L1,mapeado,82,2015/16
time:wolfsburg,EUROPA,2016,D1,Wolfsburg,34,1,D1,L1,mapeado,82,2016/17
time:wolfsburg,EUROPA,2017,D1,Wolfsburg,34,1,D1,L1,mapeado,82,2017/18
time:wolfsburg,EUROPA,2018,D1,Wolfsburg,34,1,D1,L1,mapeado,82,2018/19
time:wolfsburg,EUROPA,2022,D1,Wolfsburg,34,1,D1,L1,mapeado,82,2022/23
time:wolfsburg,EUROPA,2023,D1,Wolfsburg,34,1,D1,L1,mapeado,82,2023/24
time:wolfsburg,EUROPA,2024,D1,Wolfsburg,34,1,D1,L1,mapeado,82,2024/25
time:wolfsburg,EUROPA,2025,D1,Wolfsburg,34,1,D1,L1,mapeado,82,2025/26
time:wolves,EUROPA,2010,E0,Wolves,38,1,E0,GB1,mapeado,543,2010/11
time:wolves,EUROPA,2011,E0,Wolves,38,1,E0,GB1,mapeado,543,2011/12
time:wolves,EUROPA,2018,E0,Wolves,38,1,E0,GB1,mapeado,543,2018/19
time:wolves,EUROPA,2022,E0,Wolves,38,1,E0,GB1,mapeado,543,2022/23
time:wolves,EUROPA,2023,E0,Wolves,38,1,E0,GB1,mapeado,543,2023/24
time:wolves,EUROPA,2024,E0,Wolves,38,1,E0,GB1,mapeado,543,2024/25
time:wolves,EUROPA,2025,E0,Wolves,38,1,E0,GB1,mapeado,543,2025/26
time:zaragoza,EUROPA,2010,SP1,Zaragoza,38,1,SP1,ES1,mapeado,142,2010/11
time:zaragoza,EUROPA,2011,SP1,Zaragoza,38,1,SP1,ES1,mapeado,142,2011/12
time:zaragoza,EUROPA,2012,SP1,Zaragoza,38,1,SP1,ES1,mapeado,142,2012/13
